patent_id,inventor_id,company_id
10000482,fl:mi_ln:thormann-1,c437739f-5caf-410e-98ee-a05aeade9249
10000573,fl:jo_ln:valladares-2,846ef848-d2a5-4f29-a152-0b79330db52a
10000054,fl:gu_ln:peter-3,d2d37e3d-a1f6-4c1f-bcf3-194e88d29eaf
10000404,fl:ri_ln:clatot-1,d59f81fb-3f39-41ab-8fa6-028af37702c3
10000613,fl:ma_ln:green-21,d0fae399-ca75-40ad-8d3d-c2fadfae99f7
10000730,fl:pa_ln:sabin-1,2d523d75-71da-4e61-bb37-8fe3a9129e23
10000293,fl:je_ln:hamel-11,b904f566-62d6-44a5-8689-7b5c5a3a1a19
10000437,fl:gi_ln:nguyen-13,b34f726f-c6f5-4e9c-b39b-3be08fd1e36a
10000567,fl:sh_ln:dotan-2,8fc2f2c2-3db9-40e7-a7b2-41b0c57c5207
10000662,fl:mi_ln:glotin-1,1a7ba982-b7ee-471c-813a-457839a13730
10000785,fl:ha_ln:nam-21,dc2459c5-bc00-4dca-9652-5f42145f7295
10000571,fl:av_ln:ashkenazi-1,b354988b-6671-409f-a03a-179009ca49d2
10000143,fl:ch_ln:linnel-1,
10000735,fl:ho_ln:kim-224,de395345-1ff2-45f5-8be1-90ef35ade92e
10000447,fl:mo_ln:ahmadian-2,aff59855-e1cd-4810-b136-18c3a1a847bd
10000516,fl:av_ln:phadke-1,1b130916-6319-4d8b-808b-638f6845fe01
10000388,fl:ma_ln:skrzypczak-3,b8dfc333-ed0c-4e66-9923-4f2f6ba7a38a
10000380,fl:mi_ln:laningham-1,d4286989-7501-4e2c-9d01-bfab4107b3fc
10000473,fl:sh_ln:yang-19,0c160b17-3bc0-4935-9b42-d7efae1f7a94
10000190,fl:so_ln:tamura-1,74c11be2-20ec-49fe-ac26-d839d375bd32
10000203,fl:an_ln:burt-4,8a03b7d9-0444-4dfc-9737-bf029c47a462
10000467,fl:pe_ln:czerney-1,3f2e8d11-c60e-4ba2-8202-f27731d63cb9
10000493,fl:ne_ln:shih-6,26d14adb-bc28-44da-a695-0f5d155de867
10000721,fl:da_ln:baillargeon-1,898a3069-7836-4817-b078-0a270550711b
10000167,fl:yu_ln:kasuya-11,3ea2dc97-f5aa-4931-a0d1-73f5370f56ce
10000518,fl:an_ln:wilson-43,28f7bd36-5469-43fe-b4e1-539d97102a02
10000287,fl:sh_ln:claflin-1,79b7e1b7-26f6-4881-bffc-f8ab73102a2c
10000742,fl:ro_ln:duthie-2,b904f566-62d6-44a5-8689-7b5c5a3a1a19
10000514,fl:hi_ln:yasuda-17,35480b43-47f5-4c66-b16b-64e441db4ce0
10000513,fl:ah_ln:goren-2,f4534d68-58ee-4607-947c-d8b77375e377
10000079,fl:yu_ln:nagashima-11,1548fb30-bae7-4aba-80da-e3dcf01b390b
10000660,fl:ro_ln:vangemert-3,f12f369b-d875-4370-bed6-6e41b29f2c93
10000374,fl:be_ln:stein-8,1c631b96-8301-4819-bd8c-2e69e2ef6c76
10000574,fl:fr_ln:hanakam-1,b5aa943e-82cf-4c37-9825-6fc0c0d8ab49
10000714,fl:ri_ln:hailstone-1,e00b66ac-406f-4265-b055-7c896e835636
10000579,fl:ni_ln:trivedi-9,e4d9f323-acf9-4a0b-adbc-81c1c2f2e6ab
10000556,fl:ka_ln:bok-1,c909cb45-8f99-4ef2-8cbd-f57bcbbcd3f4
10000808,fl:ol_ln:delfour-1,7d50b3f9-b0c8-4ed6-8cc8-39a7066a0900
10000072,fl:ta_ln:ohta-35,a8a1556f-5686-4632-bbcd-097dad687c6d
10000497,fl:ja_ln:reuberson-1,c6257a2e-f03b-4895-aebc-004d2414da97
10000450,fl:ha_ln:sugino-1,15dab51e-5b68-4017-be03-a990ed1b392a
10000400,fl:ch_ln:borchard-1,f2d1479b-0745-4dc6-be27-134e1b3e11b8
10000697,fl:ta_ln:wakimoto-7,ea9b3e84-48ba-47ec-8903-1e151eab97c6
10000568,fl:ju_ln:cai-21,48cfd410-c389-42eb-adc8-8e9b429b7f1c
10000745,fl:je_ln:ledbetter-1,f6ee5c34-7435-435b-b33c-03a2eb2269e7
10000758,fl:st_ln:andrae-1,64c7501b-59d8-4b14-893b-3c51d3000e6d
10000450,fl:ta_ln:matsuzaki-5,15dab51e-5b68-4017-be03-a990ed1b392a
10000766,fl:ku_ln:chen-405,180b548e-0a57-40e6-8834-56b994322645
10000449,fl:pe_ln:groth-1,db8db963-cc59-44ec-b4b4-0b6fc768d731
10000630,fl:ch_ln:dobbin-1,4ece8167-3ed4-486b-8400-ca5941df86dd
10000581,fl:ya_ln:mondjinou-1,4e61fd34-7bff-47a0-a2e1-edb2b7b4826b
10000209,fl:ta_ln:kubo-37,3ea2dc97-f5aa-4931-a0d1-73f5370f56ce
10000720,fl:th_ln:ruehle-2,d6f138ea-5fbc-4de0-b58f-9080a787105f
10000041,fl:lo_ln:farina-1,23c78aca-f76f-47dc-b02a-427fb8adb6be
10000085,fl:di_ln:neuhaus-3,
10000738,fl:ji_ln:hu-34,b23756fb-7ef6-42eb-b878-2c9148f97831
10000220,fl:ma_ln:keschwarirasti-1,dae969ca-adf7-4da5-b74e-bd7f282a5e40
10000722,fl:ma_ln:kaneko-46,bd60fdad-58a6-4477-a109-dc81b3297854
10000529,fl:ac_ln:geiser-1,04aa84e6-11ce-4b28-aa13-d6ccb5f25e68
10000126,fl:an_ln:schamel-1,8a03b7d9-0444-4dfc-9737-bf029c47a462
10000422,fl:jo_ln:fellows-1,81b60343-1089-453f-a31f-e28c6ff26471
10000483,fl:na_ln:gray-2,f324b245-d9ee-4285-bd81-177d87354b40
10000600,fl:ko_ln:roschmann-1,d6f138ea-5fbc-4de0-b58f-9080a787105f
10000465,fl:do_ln:fry-2,56d31b59-a481-484b-aa34-04f67a96f3f5
10000551,fl:sv_ln:gingisvelitski-1,acb86cf3-edca-4f76-b2b8-986aa17921c2
10000043,fl:ch_ln:robert-8,cf41762e-9d22-44d1-a528-0fd8a53c5dbc
10000418,fl:ch_ln:bauer-22,64d6ca58-c72c-472b-9e47-a55973dfe7ca
10000468,fl:hu_ln:sun-1,8ff0736b-4451-4b45-a26a-9edf0d6c7638
10000552,fl:sh_ln:chen-588,d5ebeb23-9831-4c6b-9c34-0fb2395cc1a8
10000212,fl:by_ln:you-11,ea96c059-5267-4b52-ac70-4cd0915c519e
10000596,fl:mi_ln:kobe-2,681bb272-dacd-4789-b8d1-1c43e9ed8fbf
10000676,fl:ma_ln:barnes-15,4615cd2c-09a7-480d-a7a2-25201de63895
10000413,fl:ja_ln:alleman-4,e3275ff7-65e8-4f76-bd4d-db7033d48bdb
10000731,fl:ah_ln:egbarieh-1,030289c2-9373-4c97-a742-40a5de39cbd7
10000202,fl:sa_ln:kim-33,ea96c059-5267-4b52-ac70-4cd0915c519e
10000732,fl:ch_ln:lin-600,69de46fa-f86d-453b-bdef-daf2fceed21f
10000470,fl:ga_ln:james-1,9c1ff8bc-4516-42cc-8c52-bd100f68f2ac
10000334,fl:hi_ln:nose-2,877b4262-7552-45e3-adc3-c484b3095cf3
10000268,fl:ma_ln:henker-2,b4ec4fdd-ad18-4e9c-b28c-a5ff1b10959e
10000435,19kdcpzvts7tmpb6kqud4ypr0,41a2bf1a-8afe-4b78-a2c7-040ac6a9987a
10000399,fl:gu_ln:doppelbauer-1,e95c4659-e889-45db-9621-e63e8eb53418
10000573,fl:pr_ln:nair-36,846ef848-d2a5-4f29-a152-0b79330db52a
10000389,fl:ga_ln:roy-5,dbaeafee-078a-43e7-9af4-47a39bb94118
10000040,fl:ch_ln:vandevoorde-3,735c04b8-c899-4bd5-ab68-049cedd2bdb4
10000120,fl:ry_ln:furukawa-1,1647337d-4cd1-4e91-9167-aea8ba78dee6
10000621,fl:sh_ln:fujioka-16,0cce7bd8-2978-4a18-b5aa-b0421f6c306e
10000801,fl:ji_ln:ju-35,1b078ccb-5c57-498a-ab56-5f05a970d760
10000566,fl:da_ln:tavares-2,e7e4d72b-6af5-4560-9108-0d3da98cfdf2
10000201,fl:kw_ln:chung-22,ea96c059-5267-4b52-ac70-4cd0915c519e
10000296,fl:su_ln:patel-24,d67a2671-7ba2-4525-a2b4-c52e054ace9a
10000606,fl:ha_ln:eitouni-1,f579a840-488f-43a8-8e23-03262d5e0b2a
10000481,fl:em_ln:stefaniak-1,e67f7f78-5605-40c9-b647-c281533367cd
10000561,fl:ha_ln:knopf-1,0d463191-c5a9-497d-8037-4d6a85a6c5b2
10000035,fl:ro_ln:eilertson-2,362446db-3f2c-46f3-866e-5fa0c12a1319
10000452,fl:jo_ln:maignan-1,b7b2eabd-0875-449f-b04c-82b6b5bf6d81
10000038,fl:ta_ln:yoshida-95,c9304d60-0b6d-46d3-a7b2-50ee84137bee
10000378,fl:yo_ln:seiki-1,74c11be2-20ec-49fe-ac26-d839d375bd32
10000322,fl:ch_ln:nowacki-1,1c631b96-8301-4819-bd8c-2e69e2ef6c76
10000257,fl:in_ln:alesina-1,871114e5-4449-4086-9a7a-1b9bf3e0f21c
10000717,fl:da_ln:baillargeon-1,898a3069-7836-4817-b078-0a270550711b
10000429,fl:th_ln:latack-1,d5f2b1cd-9974-4de9-b76a-b5bf8b46c5e6
10000440,fl:st_ln:peitz-2,b84319ea-3eb9-4374-bfc2-a8445d679e8b
10000415,fl:te_ln:ikebe-1,391165c9-dd71-4a3b-a0a8-ead9a8ff2fdd
10000756,fl:pi_ln:sliz-1,0043813d-b3d0-4ec6-9b08-945841cd5141
10000503,fl:yo_ln:takata-10,77b0e539-7552-487c-8171-df9127f7fa66
10000754,fl:ja_ln:mcswiggen-1,72ea371c-6a23-496e-b1fc-cd9397a0cfe7
10000297,fl:ja_ln:harvey-20,1b7df2b5-6ba8-45e7-978f-a91d69bf49be
10000805,fl:ty_ln:clark-1,bcb5216e-a621-4c83-b12a-355d7ad3d3a8
10000043,fl:lu_ln:sallet-1,cf41762e-9d22-44d1-a528-0fd8a53c5dbc
10000705,fl:vi_ln:manral-1,ca3eedcb-292b-495c-8f04-81e3aa3b4a78
10000450,fl:ya_ln:menjo-1,15dab51e-5b68-4017-be03-a990ed1b392a
10000401,fl:ji_ln:famuagun-1,d46b77b1-bec7-4519-a9ac-5372d1d8a184
10000802,fl:br_ln:soares-1,f71b5728-698a-4f20-8a7a-a2e7413ef123
10000717,fl:xi_ln:li-98,898a3069-7836-4817-b078-0a270550711b
10000421,fl:aw_ln:rajakhan-1,1d86631c-e613-463d-8b25-9c1255e49c45
10000087,fl:to_ln:pedersen-14,036f4a7c-391f-4ba9-b1a0-3e6eff8cbe7b
10000543,fl:ch_ln:wang-144,02f21059-f8cc-4f7e-9cee-ecfd35bdb268
10000200,fl:ja_ln:schwanke-1,1c631b96-8301-4819-bd8c-2e69e2ef6c76
10000471,fl:st_ln:onions-1,53ec5711-d131-4eae-96d6-a4f734cd597f
10000747,fl:ch_ln:wu-508,0b3e2604-cb45-4056-9f33-00c6ed2fb197
10000466,fl:do_ln:pinto-1,2ebba3c5-ebc0-4f3b-b91b-262d86c832e1
10000060,fl:sh_ln:tomimatsu-4,877b4262-7552-45e3-adc3-c484b3095cf3
10000186,fl:ra_ln:eljawahri-1,8a03b7d9-0444-4dfc-9737-bf029c47a462
10000073,fl:ch_ln:davis-74,7badc510-3cb4-45b6-acc4-6ac40a9bc036
10000047,fl:ts_ln:yang-98,0a2ca7a5-d6b5-4061-bfc1-6c70bae2aaf6
10000796,fl:ni_ln:samusik-1,ccd8d314-8428-4369-a07a-f303224a173a
10000375,fl:ju_ln:amthor-1,1c631b96-8301-4819-bd8c-2e69e2ef6c76
10000317,fl:an_ln:vanoosten-1,c48f1e01-dd3b-4e68-bc26-fa4a8c2c7c1a
10000574,fl:th_ln:urbig-1,b5aa943e-82cf-4c37-9825-6fc0c0d8ab49
10000201,fl:sa_ln:kim-33,ea96c059-5267-4b52-ac70-4cd0915c519e
10000038,fl:to_ln:tsuruda-1,c9304d60-0b6d-46d3-a7b2-50ee84137bee
10000078,fl:te_ln:ishikawa-11,416cb9d9-6ac0-4156-8441-bbc5f9c00c64
10000573,fl:mo_ln:chatterji-1,846ef848-d2a5-4f29-a152-0b79330db52a
10000692,fl:ti_ln:tang-35,0ed3b5da-e166-4ce8-bb57-768914cc7e2e
10000295,fl:no_ln:wood-4,ff6a0dd6-ce8a-40db-91a8-6e93655b3a73
10000079,fl:ry_ln:kanda-4,1548fb30-bae7-4aba-80da-e3dcf01b390b
10000546,fl:ju_ln:matsuzaki-1,d644dd23-fb50-4779-9e83-304247bb3ebc
10000124,fl:ti_ln:kentleyklay-1,f2a26395-4a60-481e-8ba1-d8e39714ae3b
10000652,fl:ga_ln:xiao-2,
10000643,fl:mi_ln:wright-9,a8ff5b01-5396-4174-bd3b-0245cf192b9b
10000061,fl:ei_ln:hirai-4,877b4262-7552-45e3-adc3-c484b3095cf3
10000489,fl:ni_ln:anderson-1,ad792ebb-0032-4c12-bab4-6bfa8f84fd6c
10000146,fl:ry_ln:vipond-1,
10000737,fl:ch_ln:moroz-1,474546be-edc6-4224-b3ab-8d2a3d295fb6
10000099,fl:st_ln:monig-1,acbf564f-9c6c-42a5-ab44-802234d61e77
10000355,fl:yu_ln:kubota-32,e738f13e-85d9-4790-a3a5-f56afc3b6fc1
10000221,fl:ma_ln:o'donnell-12,40f7bea0-f776-45ca-819d-da1b334c84f3
10000511,fl:lo_ln:walensky-1,f324b245-d9ee-4285-bd81-177d87354b40
10000437,fl:ch_ln:puglisi-2,b34f726f-c6f5-4e9c-b39b-3be08fd1e36a
10000375,fl:fr_ln:reichenbach-2,1c631b96-8301-4819-bd8c-2e69e2ef6c76
10000678,fl:ol_ln:garciamiguel-1,99928270-7dc0-4b85-b68d-bbe3c7d87620
10000500,fl:ma_ln:hall-12,ea543a19-e0f2-49d2-a07a-31979f6350e0
10000075,fl:jo_ln:mcgrath-13,4691872b-68a6-4a4f-b9a9-95c5df540cf2
10000789,fl:ni_ln:pan-3,739b2596-cdf8-411e-a922-bd8781f55373
10000528,fl:pe_ln:gillberg-1,35717acb-7566-431d-a76b-6becdd7fb368
10000593,fl:xu_ln:ye-1,8aab048f-9515-4287-8343-b7fd26758cf5
10000487,fl:pa_ln:sprengeler-2,741cd94c-f327-43e1-96bc-a576e560b921
10000460,fl:yu_ln:rogan-1,cefc8d48-d0db-49b8-b8fc-0c8f3d704312
10000176,fl:ch_ln:curtis-10,8a03b7d9-0444-4dfc-9737-bf029c47a462
10000235,fl:ke_ln:ogawa-19,74c11be2-20ec-49fe-ac26-d839d375bd32
10000628,fl:na_ln:okubo-6,c0adabe1-c840-4877-91bd-ebe690dff937
10000245,fl:bi_ln:wall-2,f51e537f-a4eb-45c5-b179-44ce918d4e16
10000110,fl:se_ln:han-124,79e4fd67-e4fe-4c76-b62d-9a360beeceb1
10000101,fl:gi_ln:corghi-1,03059fc6-184d-46da-bafa-c57c497e7d17
10000448,fl:ra_ln:zhang-12,282b49fb-2e0e-48b4-896a-db3cdf066ab6
10000378,fl:yu_ln:tanaka-49,74c11be2-20ec-49fe-ac26-d839d375bd32
10000734,fl:ul_ln:impola-1,6710c4d3-5aad-4b5f-9212-a75e9718009d
10000361,fl:fr_ln:liu-23,
10000424,fl:da_ln:bronfenbrenner-1,cb611b09-7b38-4e94-bbe5-e2abf0385bd3
10000780,fl:sy_ln:armand-1,55054898-6f4b-4846-95d5-6435aece606f
10000610,fl:th_ln:clark-13,1b606c63-f004-4846-8e11-d819cee5029a
10000771,fl:ro_ln:seger-2,affc2208-5f2a-4cd6-af73-3494714621a8
10000792,fl:me_ln:kumar-4,ea543a19-e0f2-49d2-a07a-31979f6350e0
10000014,fl:ti_ln:diehlmann-1,d6f138ea-5fbc-4de0-b58f-9080a787105f
10000442,fl:pr_ln:pillai-12,3ce3b54a-bdbd-4b73-ac55-cbabc845e9b4
10000548,fl:ju_ln:carmelo-1,a1d7a6e7-e246-48b1-bb47-01becc9cbf43
10000765,fl:ko_ln:kaku-1,94322301-cd60-49cb-85db-fd6c00b43412
10000053,fl:br_ln:gentle-1,d159e322-a274-46e4-b162-9e29eddb0d09
10000737,fl:in_ln:solodeev-1,474546be-edc6-4224-b3ab-8d2a3d295fb6
10000628,fl:sa_ln:kinouchi-1,c0adabe1-c840-4877-91bd-ebe690dff937
10000772,fl:kr_ln:chylinski-1,6ce04dde-f383-4923-8798-780d1a608ed6
10000572,fl:ju_ln:cuendevillasur-1,6b012dff-9445-4ee7-bc2f-51f1131545dd
10000194,fl:ma_ln:bennett-22,023f36b6-abbb-47f0-b2d3-55ed907227d2
10000605,fl:do_ln:mcgrath-5,9bcbd6bc-2e70-4a70-be62-c036eb5915d8
10000700,fl:jo_ln:kawamura-4,ed9722a5-c905-4ae9-9210-08a542017582
10000734,fl:jo_ln:nystedt-2,6710c4d3-5aad-4b5f-9212-a75e9718009d
10000041,fl:pa_ln:carmellino-1,23c78aca-f76f-47dc-b02a-427fb8adb6be
10000265,fl:ja_ln:dufour-2,f6c7988b-2a2d-4e38-98e7-e00ac589a5d0
10000538,fl:la_ln:ramirezgarcia-1,2a1f7c66-5af2-48ad-b98b-099bd1e78f7c
10000747,fl:sa_ln:shivatare-2,0b3e2604-cb45-4056-9f33-00c6ed2fb197
10000116,fl:hi_ln:sasaki-55,ab63516f-63bd-4d65-a440-0683deb6223a
10000764,fl:no_ln:mitsukawa-1,87bbd77e-54e0-4d95-9c1b-7843963c09eb
10000391,fl:my_ln:moon-6,32af5781-1f17-4d64-9a62-521c1f397b70
10000644,fl:qu_ln:le-22,d741637e-71a6-4101-a7db-0c2ba20a2958
10000594,fl:ra_ln:muninger-3,d433d76d-e698-4711-aaad-63e1aebfb729
10000488,fl:ju_ln:shirai-8,8ff0736b-4451-4b45-a26a-9edf0d6c7638
10000117,fl:mi_ln:brock-1,3fc185a1-f6a4-495d-90c1-7e61edd027f7
10000593,fl:da_ln:cano-4,8aab048f-9515-4287-8343-b7fd26758cf5
10000809,fl:ma_ln:cypel-1,9711eee5-6945-4a40-9716-6deced1f2bc6
10000529,fl:ch_ln:koellner-2,04aa84e6-11ce-4b28-aa13-d6ccb5f25e68
10000467,fl:bo_ln:dworecki-2,3f2e8d11-c60e-4ba2-8202-f27731d63cb9
10000200,fl:sh_ln:jade-2,1c631b96-8301-4819-bd8c-2e69e2ef6c76
10000275,fl:vi_ln:lignarolo-1,710b4e0c-73ab-4c3e-a4d7-634e18a3041c
10000202,fl:jo_ln:oh-128,ea96c059-5267-4b52-ac70-4cd0915c519e
10000802,fl:ba_ln:balmforth-1,f71b5728-698a-4f20-8a7a-a2e7413ef123
10000704,fl:ro_ln:zubrin-1,3aaf6030-c6b3-47f3-8c64-83eef1fb2812
10000550,fl:ch_ln:gieffers-1,abc42262-d181-4fc9-a08b-bb4e675b2ebe
10000357,fl:jo_ln:brockman-4,977b2c67-8209-4c56-b2b6-7d6b425523e0
10000081,fl:ju_ln:oomura-2,4dbf79c6-cbb3-4fbb-a603-01e6cadac73f
10000556,fl:ma_ln:bok-1,c909cb45-8f99-4ef2-8cbd-f57bcbbcd3f4
10000454,fl:ch_ln:zhu-71,5ed35e81-c079-4e8d-81c8-66eb133562c3
10000753,fl:da_ln:suhy-1,625e454f-d5ae-47e7-8309-6e2f4e2b19d6
10000133,fl:ni_ln:keeling-1,f03635c8-6b6c-4f2b-bb6c-b52678f56aae
10000260,fl:be_ln:kfir-2,46a62846-d998-4852-a31f-5e865ef5fa36
10000474,fl:yo_ln:li-31,e156422f-83a9-4a84-bf1c-12ca5c073716
10000484,fl:ha_ln:chobanian-1,5ed35e81-c079-4e8d-81c8-66eb133562c3
10000533,fl:ju_ln:stickel-1,c3a5cc28-8840-4deb-8a32-342a07fea443
10000094,fl:ke_ln:saeki-7,5f91f492-1976-4ca8-81b1-044d8485c1b3
10000440,fl:ho_ln:zanthoff-1,b84319ea-3eb9-4374-bfc2-a8445d679e8b
10000106,fl:ta_ln:yamashita-72,4779aa3b-357b-4969-8bde-d1227060304a
10000648,fl:al_ln:trubnikov-1,da679ce6-cd5e-49ae-bb53-2690e30de4ef
10000650,fl:so_ln:yamazaki-1,877b4262-7552-45e3-adc3-c484b3095cf3
10000541,fl:li_ln:wei-14,d5ebeb23-9831-4c6b-9c34-0fb2395cc1a8
10000742,fl:er_ln:kvam-1,b904f566-62d6-44a5-8689-7b5c5a3a1a19
10000462,fl:kw_ln:lee-122,533e0469-baac-46b7-9576-669db08092eb
10000666,fl:li_ln:chen-701,460e5eaf-db8a-422b-bfe3-f51dbc1f1670
10000282,fl:ro_ln:schmidt-23,aacb4343-7f79-49ed-b545-6adfc3f39c2e
10000036,fl:mi_ln:smith-40,ca3ac0a6-f44b-45c7-8816-bc2b1d409e84
10000098,fl:fr_ln:darrer-1,1918bc79-3bf3-4be6-8ea5-c5438e714ae2
10000626,fl:ch_ln:hoy-1,681bb272-dacd-4789-b8d1-1c43e9ed8fbf
10000584,fl:qi_ln:liu-89,c7333c05-4c8c-4662-b547-6ff763f3957c
10000108,fl:at_ln:yamada-9,1d443c32-beaa-448d-b67c-2e60c804fd0a
10000688,fl:ju_ln:barnes-7,4f87fefb-2763-4236-ab35-57bee381a0fd
10000269,fl:ma_ln:burk-1,89a8ed8d-dcaa-46eb-93fd-e8b6fed97f68
10000165,fl:th_ln:reed-15,
10000510,fl:ca_ln:lopez-3,5ed35e81-c079-4e8d-81c8-66eb133562c3
10000172,fl:al_ln:gurghian-1,8a03b7d9-0444-4dfc-9737-bf029c47a462
10000484,fl:ba_ln:pio-1,5ed35e81-c079-4e8d-81c8-66eb133562c3
10000061,fl:ma_ln:nakayama-43,877b4262-7552-45e3-adc3-c484b3095cf3
10000342,fl:ca_ln:alonsoramila-1,78af88b3-f07b-44af-aa34-73ef0c20e87f
10000497,fl:ba_ln:vanderhoydonck-1,c6257a2e-f03b-4895-aebc-004d2414da97
10000568,fl:ji_ln:wu-447,48cfd410-c389-42eb-adc8-8e9b429b7f1c
10000035,fl:jo_ln:parker-39,362446db-3f2c-46f3-866e-5fa0c12a1319
10000191,fl:ge_ln:wuerth-1,1c631b96-8301-4819-bd8c-2e69e2ef6c76
10000339,fl:ca_ln:ciliberti-1,ab16fe16-98b3-4d1c-9f4b-73980a1d118c
10000192,fl:su_ln:jin-20,ad7af80f-fd53-482d-b38a-fc23e03332b4
10000574,fl:ch_ln:itin-1,b5aa943e-82cf-4c37-9825-6fc0c0d8ab49
10000734,fl:an_ln:heiskanen-2,6710c4d3-5aad-4b5f-9212-a75e9718009d
10000229,fl:mi_ln:matsuno-4,93171645-3a55-48c7-b2d0-9e5c1d3a1a74
10000676,fl:re_ln:demers-4,4615cd2c-09a7-480d-a7a2-25201de63895
10000716,fl:zh_ln:yu-9,681bb272-dacd-4789-b8d1-1c43e9ed8fbf
10000139,fl:so_ln:jeon-15,ea96c059-5267-4b52-ac70-4cd0915c519e
10000164,fl:fe_ln:du-13,20913463-3818-4a6f-a0cc-13b1f521e112
10000719,fl:jo_ln:flemming-1,dc682f86-9ead-4f8b-8028-83dfbf117a4b
10000097,fl:ke_ln:lee-52,8981c35c-06bf-45ac-944d-c5c9cad7a904
10000198,fl:ma_ln:funahashi-5,87bbd77e-54e0-4d95-9c1b-7843963c09eb
10000810,fl:ec_ln:meese-1,af531edf-ea9a-482d-8487-c9000a04e914
10000103,fl:er_ln:tseng-2,8a03b7d9-0444-4dfc-9737-bf029c47a462
10000545,fl:ol_ln:joinlambert-1,c21ecc25-b33d-4f2b-8382-c382d3b5d393
10000278,fl:ca_ln:necci-1,20b2503c-621c-4bd8-9273-400eb5b60e38
10000550,fl:ma_ln:branschadel-1,abc42262-d181-4fc9-a08b-bb4e675b2ebe
10000052,fl:gr_ln:anderson-12,4840cedc-7dcd-4aa9-9d62-ee877f7ef128
10000767,fl:de_ln:williams-5,76bfedeb-c249-4c5a-9fb1-87c5a5ae43a0
10000458,fl:ma_ln:yoshioka-9,4f9b80c7-483b-4f62-aa60-270ffcaa94aa
10000456,fl:th_ln:seiders-2,cfbe3073-5fb8-4a64-95d8-ced1a2e1188f
10000228,fl:no_ln:yokota-5,f8a675d6-b165-4331-b7b4-0d5d520ee462
10000280,fl:re_ln:beringer-1,7e4a8819-619c-4224-b780-01611cf4ae18
10000544,fl:sa_ln:sonar-1,c852a47e-f542-4c47-acd0-0020449e171f
10000161,fl:dr_ln:stojkovic-1,8a03b7d9-0444-4dfc-9737-bf029c47a462
10000156,fl:ch_ln:koetje-1,a19c926f-cbe0-49cb-b208-3093b87853e7
10000306,fl:br_ln:klem-1,
10000770,fl:im_ln:famili-1,ce0361d0-ee07-49b9-8ed0-236bd6210f06
10000591,fl:pe_ln:degenhart-1,7ff46aad-920a-4a06-97cb-791a4cd70773
10000483,fl:se_ln:chen-46,f324b245-d9ee-4285-bd81-177d87354b40
10000616,fl:yo_ln:yamamoto-21,cce4e43c-b399-4555-9e34-908d78d906ef
10000393,fl:da_ln:mlambo-1,6ca11cca-066f-4f69-990a-dafa1665ef9d
10000656,fl:yo_ln:yanagawa-3,5b0b2179-927c-48dd-a8ee-211adb1d7e7a
10000684,fl:sh_ln:peng-191,503c6719-6f12-40b8-825b-d2a33b369db2
10000484,fl:ji_ln:jiang-8,5ed35e81-c079-4e8d-81c8-66eb133562c3
10000393,fl:we_ln:cheng-136,6ca11cca-066f-4f69-990a-dafa1665ef9d
10000341,fl:th_ln:ullmer-1,7a2a9b74-f001-4054-b105-83b7c9d1f62d
10000807,fl:fe_ln:leng-1,3f3ca576-89e3-4667-b0e7-0d3978b40687
10000665,fl:he_ln:lenz-4,26bf7fa7-3704-4263-b7d8-33206935e460
10000298,fl:ja_ln:cobb-8,d741637e-71a6-4101-a7db-0c2ba20a2958
10000464,fl:an_ln:schumacher-6,374174a9-6936-40a0-a7d5-a7b96f3460e4
10000479,fl:re_ln:lemieux-3,2177dec3-5ecf-445e-afaf-9250b3936aae
10000185,fl:do_ln:seitzer-1,2c48569d-7d8e-4c0a-9921-7c1b9c2003b5
10000600,fl:jo_ln:leswin-1,d6f138ea-5fbc-4de0-b58f-9080a787105f
10000363,fl:jo_ln:anderson-71,6be695ff-f0db-448c-a2d3-042ab3283b97
10000367,fl:ge_ln:finkbeiner-1,808e12ad-6f91-48f0-87e0-c3b595514af8
10000535,fl:ch_ln:bisang-1,4bfd9d83-10ab-4b46-b0b3-cb7f0ed81393
10000568,fl:ti_ln:gu-4,48cfd410-c389-42eb-adc8-8e9b429b7f1c
10000529,fl:yo_ln:lo-3,04aa84e6-11ce-4b28-aa13-d6ccb5f25e68
10000618,fl:yo_ln:attia-1,
10000521,fl:vi_ln:vyavhare-1,af5c1081-2d5b-4ea8-8675-beb0164749e7
10000491,fl:na_ln:mitsuhashi-1,82e98e34-7196-4412-be68-1b61b1085daa
10000387,fl:je_ln:yang-137,d6f138ea-5fbc-4de0-b58f-9080a787105f
10000612,fl:wi_ln:williams-18,d0fae399-ca75-40ad-8d3d-c2fadfae99f7
10000371,fl:ma_ln:hasunuma-4,5425d74b-0e26-4496-9dd4-669ba665d248
10000674,fl:an_ln:sonmez-1,3e12a65b-6581-4c1b-be54-ea9bbca3b551
10000344,fl:ku_ln:philipp-1,f404c0b7-7071-4755-80ee-557500c58378
10000141,fl:se_ln:ryu-161,ea96c059-5267-4b52-ac70-4cd0915c519e
10000032,fl:ma_ln:mueller-28,1d02968d-fe07-4a71-8252-5b0be2f62160
10000370,fl:ma_ln:wiant-1,184fc64b-aaf5-44a7-b2bd-dfec4e6d7db5
10000024,fl:yo_ln:jeong-15,8c40b2c4-17fd-462d-970e-4b8004ed1372
10000010,fl:ca_ln:terrero-1,4840cedc-7dcd-4aa9-9d62-ee877f7ef128
10000734,fl:ta_ln:jaatinen-1,6710c4d3-5aad-4b5f-9212-a75e9718009d
10000810,fl:an_ln:borries-1,af531edf-ea9a-482d-8487-c9000a04e914
10000686,fl:mi_ln:jeffries-1,5085d286-8417-45a6-82c8-68bdf751514d
10000782,fl:kl_ln:hansen-1,569c1c30-d293-4e62-982e-7d90d55b7bda
10000752,fl:be_ln:deleon-1,d00b8c7a-e5cb-4db6-b59e-540072232616
10000656,fl:yu_ln:koizuka-1,5b0b2179-927c-48dd-a8ee-211adb1d7e7a
10000463,fl:ma_ln:matoyama-1,b5ac98b7-7d2d-4a11-88f2-7dbae02fd5b9
10000731,fl:do_ln:shehadeh-1,030289c2-9373-4c97-a742-40a5de39cbd7
10000759,fl:ma_ln:foulquiemoreno-1,bb7a562d-81d6-440b-be21-36aab9c0f5e4
10000316,fl:ja_ln:wuthrich-1,c8e7fb2c-9f2a-40fb-bc49-ee60e8c5b672
10000501,fl:we_ln:quan-1,5ed35e81-c079-4e8d-81c8-66eb133562c3
10000533,fl:st_ln:stevanovic-1,c3a5cc28-8840-4deb-8a32-342a07fea443
10000797,fl:br_ln:fujimoto-1,cec8a273-a770-4b2a-8b8f-e33f9f79d912
10000620,fl:ke_ln:ishitake-1,a8fd3500-dbf0-4445-a810-ea9a275afdbd
10000497,fl:qi_ln:huang-6,c6257a2e-f03b-4895-aebc-004d2414da97
10000402,fl:su_ln:xiao-4,cb3d31d3-669f-4e6c-a788-30886ebf205e
10000513,fl:se_ln:piravadilimucur-1,f4534d68-58ee-4607-947c-d8b77375e377
10000729,fl:ru_ln:karasch-1,
10000065,fl:sh_ln:arthur-1,d741637e-71a6-4101-a7db-0c2ba20a2958
10000296,fl:ro_ln:bayles-1,d67a2671-7ba2-4525-a2b4-c52e054ace9a
10000191,fl:vo_ln:mehl-1,1c631b96-8301-4819-bd8c-2e69e2ef6c76
10000536,fl:ge_ln:rodel-1,9272127a-3c65-452a-8d24-41e21997235d
10000779,fl:ed_ln:green-14,64ebeaa1-5bc0-42e3-9d9a-65523d9678e5
10000602,fl:ja_ln:skrobacki-1,b292ff06-e9d3-4b36-85c2-6ddb30460c52
10000519,fl:ma_ln:migaud-1,9cb06b5f-c4b9-4a04-984d-8fd8d90c1526
10000594,fl:de_ln:gagan-1,d433d76d-e698-4711-aaad-63e1aebfb729
10000724,fl:la_ln:bouzidi-1,3ce3b54a-bdbd-4b73-ac55-cbabc845e9b4
10000488,fl:yu_ln:sasaki-7,8ff0736b-4451-4b45-a26a-9edf0d6c7638
10000387,fl:ul_ln:mueller-1,d6f138ea-5fbc-4de0-b58f-9080a787105f
10000457,fl:mi_ln:vazquezguevara-1,95c17e69-7d40-4b70-a679-7aabf5072379
10000005,fl:ka_ln:oda-24,32e04930-7fff-4c0c-a861-989689853f13
10000679,fl:hi_ln:takahashi-111,2a5fd84a-89e0-4962-aa61-a5bcbaee0a82
10000576,fl:gr_ln:wickman-1,96b3a56a-e999-4c36-8416-3937d7a3c958
10000103,fl:li_ln:xu-87,8a03b7d9-0444-4dfc-9737-bf029c47a462
10000784,fl:ji_ln:zhang-178,64dc9ab0-635f-4f31-a14e-cae82ac08d5f
10000071,fl:ta_ln:sasaki-83,877b4262-7552-45e3-adc3-c484b3095cf3
10000096,fl:ka_ln:sakakibara-16,42aa3260-365e-4cd2-ac81-60d2dd8b39bf
10000422,fl:me_ln:wilson-6,81b60343-1089-453f-a31f-e28c6ff26471
10000761,fl:do_ln:yu-48,29952cab-11e9-412f-bca5-735599328a40
10000450,fl:ko_ln:akazawa-1,15dab51e-5b68-4017-be03-a990ed1b392a
10000420,fl:ge_ln:park-4,05fb44e9-52ed-4e34-8473-d10394362cfc
10000622,fl:ta_ln:kumano-6,135778b4-1533-474d-adb6-e1bd09ee42ee
10000572,fl:pi_ln:coulie-1,6b012dff-9445-4ee7-bc2f-51f1131545dd
10000687,fl:al_ln:alyousef-3,0350699e-0a64-42b6-8f35-7b721f8cb4dd
10000553,fl:th_ln:thisted-1,8cc2701d-1308-41bb-89f3-d80d97cf4321
10000564,fl:ja_ln:orengo-1,db486af5-960d-4fc8-ad72-e5afc4674bba
10000215,fl:sh_ln:chen-142,f94290bc-7c0d-49af-9797-828af77eb9c7
10000710,fl:em_ln:ulysse-1,8aab048f-9515-4287-8343-b7fd26758cf5
10000681,fl:sc_ln:klasner-1,0ed3b5da-e166-4ce8-bb57-768914cc7e2e
10000644,fl:te_ln:riley-1,d741637e-71a6-4101-a7db-0c2ba20a2958
10000519,fl:ma_ln:doherty-5,9cb06b5f-c4b9-4a04-984d-8fd8d90c1526
10000604,fl:ma_ln:tsuji-9,533e0469-baac-46b7-9576-669db08092eb
10000465,fl:sc_ln:david-3,56d31b59-a481-484b-aa34-04f67a96f3f5
10000202,fl:yo_ln:kim-190,ea96c059-5267-4b52-ac70-4cd0915c519e
10000255,fl:yu_ln:nishikawa-16,222264bc-5220-40eb-8a6e-a2d1088af14f
10000118,fl:ma_ln:morita-38,cb5367eb-ebac-459a-b013-d92860572522
10000675,fl:al_ln:law-4,
10000474,fl:pa_ln:woster-1,e156422f-83a9-4a84-bf1c-12ca5c073716
10000476,fl:no_ln:kamei-1,0ae2b86d-756f-4802-b90e-468c0c68d012
10000289,fl:kr_ln:khodjasaryan-1,76b79e1b-95a7-4b16-b2a4-e6c64a1c334b
10000512,fl:ho_ln:yun-44,b3e4bd70-b057-4575-aaaf-e665803cde2a
10000801,fl:xi_ln:li-10,1b078ccb-5c57-498a-ab56-5f05a970d760
10000437,fl:mo_ln:islam-3,b34f726f-c6f5-4e9c-b39b-3be08fd1e36a
10000727,fl:vi_ln:sodd-1,8f4094b7-206a-49cc-bada-d91974888071
10000409,fl:na_ln:venkataraman-1,cb611b09-7b38-4e94-bbe5-e2abf0385bd3
10000789,fl:re_ln:liu-67,739b2596-cdf8-411e-a922-bd8781f55373
10000684,fl:zh_ln:deng-23,503c6719-6f12-40b8-825b-d2a33b369db2
10000591,fl:ma_ln:zuideveld-1,7ff46aad-920a-4a06-97cb-791a4cd70773
10000574,fl:na_ln:prang-1,b5aa943e-82cf-4c37-9825-6fc0c0d8ab49
10000591,fl:he_ln:steenbakkersmenting-4,7ff46aad-920a-4a06-97cb-791a4cd70773
10000450,fl:hi_ln:sasaki-13,15dab51e-5b68-4017-be03-a990ed1b392a
10000233,fl:de_ln:skellenger-1,89a8ed8d-dcaa-46eb-93fd-e8b6fed97f68
10000078,fl:su_ln:watanabe-10,416cb9d9-6ac0-4156-8441-bbc5f9c00c64
10000609,fl:os_ln:kawakami-1,5e7e9fff-05ba-4428-83ce-942d092a6787
10000645,fl:da_ln:hellebusch-1,3dd38c18-3556-43ef-8bc3-188ff2afae8e
10000480,fl:st_ln:spergel-1,2ebba3c5-ebc0-4f3b-b91b-262d86c832e1
10000495,fl:br_ln:follows-1,5bc880cc-b613-492d-9697-5dfbe999254a
10000747,fl:li_ln:huang-29,0b3e2604-cb45-4056-9f33-00c6ed2fb197
10000560,fl:yu_ln:hori-10,3ca688ad-503b-4ac0-ad16-94db35c6253e
10000694,fl:th_ln:eberle-2,ea9b3e84-48ba-47ec-8903-1e151eab97c6
10000582,fl:am_ln:jha-1,6ce04dde-f383-4923-8798-780d1a608ed6
10000045,fl:to_ln:hasegawa-39,47b2aabd-0c46-41f8-a686-945e6fbb7d08
10000122,fl:ni_ln:echkilev-1,f68061b9-5827-43c8-8f62-33cae08b6d16
10000018,fl:st_ln:mag-1,38cff6e0-fc52-4faf-9fa9-b72912600dee
10000187,fl:hi_ln:kurata-11,fdf798cb-8fb8-419f-b141-e7fde1150ac1
10000080,fl:m._ln:borrellbayona-1,d1097181-f21f-4cfa-995a-7f16d587ea4a
10000001,fl:hy_ln:yu-60,c7fdbc77-28f0-4a1c-9f08-c13171f1009c
10000176,fl:uw_ln:buelow-1,8a03b7d9-0444-4dfc-9737-bf029c47a462
10000440,fl:le_ln:altmann-1,b84319ea-3eb9-4374-bfc2-a8445d679e8b
10000182,fl:ma_ln:matsuzaki-15,74c11be2-20ec-49fe-ac26-d839d375bd32
10000623,fl:ma_ln:liu-40,7540ab46-c5b6-49ce-acae-6418bce31b64
10000002,fl:do_ln:kim-296,5b722cc6-9d8f-46bd-83cb-7838a17e5201
10000562,fl:aj_ln:deshmukh-3,b354988b-6671-409f-a03a-179009ca49d2
10000539,fl:je_ln:fritsche-1,c3a5cc28-8840-4deb-8a32-342a07fea443
10000072,fl:ak_ln:fujita-18,a8a1556f-5686-4632-bbcd-097dad687c6d
10000065,fl:my_ln:duncanson-1,d741637e-71a6-4101-a7db-0c2ba20a2958
10000678,fl:al_ln:munozbabiano-1,99928270-7dc0-4b85-b68d-bbe3c7d87620
10000460,fl:da_ln:dunn-27,cefc8d48-d0db-49b8-b8fc-0c8f3d704312
10000460,fl:cr_ln:anderson-11,cefc8d48-d0db-49b8-b8fc-0c8f3d704312
10000236,fl:ma_ln:takano-36,87bbd77e-54e0-4d95-9c1b-7843963c09eb
10000704,fl:ke_ln:hotton-1,3aaf6030-c6b3-47f3-8c64-83eef1fb2812
10000526,fl:ma_ln:prols-1,895aa595-0bdd-4437-91d0-a35695d4a7c0
10000246,fl:pe_ln:dill-1,8bf34cb9-024e-465b-8b08-bd89d90682ad
10000214,fl:pi_ln:tulpule-1,e7dc6a46-5a07-45ec-87b6-8a113ab02e99
10000579,fl:ka_ln:prasad-3,e4d9f323-acf9-4a0b-adbc-81c1c2f2e6ab
10000107,fl:mi_ln:furui-1,3603bc38-d35d-413a-b99d-007cfa49831b
10000624,fl:do_ln:meltzer-2,214454ae-6fee-4dcd-9045-cfdaebfac510
10000574,fl:an_ln:wolf-9,b5aa943e-82cf-4c37-9825-6fc0c0d8ab49
10000748,fl:jo_ln:schuttrumpf-1,bdc353b5-11b6-46a0-9bc8-b531f9ddcc96
10000328,fl:ma_ln:mazza-3,
10000697,fl:hi_ln:okura-2,ea9b3e84-48ba-47ec-8903-1e151eab97c6
10000365,fl:ma_ln:ippolito-3,54dc0321-67ad-414e-a2ce-b5f5676e22e0
10000642,fl:ra_ln:tustison-1,a45783ae-9cec-49bc-bc2e-7b064aaa5907
10000421,fl:fa_ln:patel-5,1d86631c-e613-463d-8b25-9c1255e49c45
10000126,fl:ed_ln:jih-1,8a03b7d9-0444-4dfc-9737-bf029c47a462
10000247,fl:mi_ln:o'neill-11,3006c550-af04-49a6-be94-e08c33fee287
10000442,fl:sh_ln:li-177,3ce3b54a-bdbd-4b73-ac55-cbabc845e9b4
10000606,fl:ji_ln:yang-274,f579a840-488f-43a8-8e23-03262d5e0b2a
10000676,fl:ra_ln:bauer-5,4615cd2c-09a7-480d-a7a2-25201de63895
10000703,fl:ke_ln:dolan-7,2a4051c0-c1ef-4941-8d7b-8e685e02acb9
10000061,fl:yo_ln:hokari-1,877b4262-7552-45e3-adc3-c484b3095cf3
10000495,fl:al_ln:buckmelter-2,5bc880cc-b613-492d-9697-5dfbe999254a
10000226,fl:ze_ln:yi-2,65d93b64-cd51-4b38-8e27-44220f3a333c
10000535,fl:od_ln:sellierkessler-1,4bfd9d83-10ab-4b46-b0b3-cb7f0ed81393
10000765,fl:ju_ln:horita-1,94322301-cd60-49cb-85db-fd6c00b43412
10000603,fl:gr_ln:sotzing-1,f42b3ee0-57d2-4044-8b94-bbd100823922
10000197,fl:pr_ln:muralidhar-1,e7dc6a46-5a07-45ec-87b6-8a113ab02e99
10000395,fl:gu_ln:chen-344,1d4634f9-8337-450e-9474-b9f534aa8219
10000271,fl:an_ln:poppe-1,ff6a0dd6-ce8a-40db-91a8-6e93655b3a73
10000560,fl:yo_ln:ruike-1,3ca688ad-503b-4ac0-ad16-94db35c6253e
10000542,fl:ja_ln:kofoed-1,d8828bf1-d252-48eb-a3c6-407584bac108
10000684,fl:yi_ln:he-113,503c6719-6f12-40b8-825b-d2a33b369db2
10000542,fl:pa_ln:garibay-2,d8828bf1-d252-48eb-a3c6-407584bac108
10000266,fl:ko_ln:terada-13,524a078f-e500-4085-ab09-6d82ec85b864
10000471,fl:ge_ln:hardy-4,53ec5711-d131-4eae-96d6-a4f734cd597f
10000028,fl:wi_ln:unruh-1,681bb272-dacd-4789-b8d1-1c43e9ed8fbf
10000051,fl:pa_ln:fromm-1,4840cedc-7dcd-4aa9-9d62-ee877f7ef128
10000599,fl:ch_ln:hsieh-313,4950d9b8-ae3e-453c-9fe8-e241b99ec1e2
10000507,fl:ta_ln:huang-43,72acc50f-79a9-4681-9edd-d2163febe47c
10000512,fl:so_ln:feng-1,b3e4bd70-b057-4575-aaaf-e665803cde2a
10000166,fl:th_ln:hlubina-1,491ed4e9-453a-47a1-99c1-281da294ad84
10000694,fl:jo_ln:kroeber-1,ea9b3e84-48ba-47ec-8903-1e151eab97c6
10000740,fl:lu_ln:vallier-1,ff62b737-9474-45de-a609-b18f9aed1be3
10000360,fl:ma_ln:stanton-14,
10000570,fl:ja_ln:vandewinkel-1,908f1b87-7dbd-48f6-b2a3-081404a542aa
10000629,fl:ta_ln:ohtani-9,b02cbf00-9362-48b9-ab48-b6aa7d1dce0a
10000450,fl:no_ln:takemura-2,15dab51e-5b68-4017-be03-a990ed1b392a
10000514,fl:no_ln:fukaya-1,35480b43-47f5-4c66-b16b-64e441db4ce0
10000203,fl:be_ln:nefcy-2,8a03b7d9-0444-4dfc-9737-bf029c47a462
10000718,fl:th_ln:rossrucker-1,8210278c-33be-4cd6-b948-9e8c205381a4
10000741,fl:ma_ln:neitz-2,529aba7a-51fb-4169-89bf-a47183bc52da
10000625,fl:hi_ln:tsuji-26,f9e8335f-9ea6-40f6-8fa6-55a706cccc6a
10000561,fl:ni_ln:haubst-1,0d463191-c5a9-497d-8037-4d6a85a6c5b2
10000417,fl:am_ln:gupta-17,d17dd399-4d91-407f-b686-459438d5db37
10000806,fl:st_ln:novak-3,330d568d-67ba-430a-9963-ce0c31ef37e2
10000036,fl:sh_ln:lowther-1,ca3ac0a6-f44b-45c7-8816-bc2b1d409e84
10000132,fl:wi_ln:mansur-1,8a03b7d9-0444-4dfc-9737-bf029c47a462
10000533,fl:da_ln:kowalewski-4,c3a5cc28-8840-4deb-8a32-342a07fea443
10000260,fl:ja_ln:morash-1,46a62846-d998-4852-a31f-5e865ef5fa36
10000018,fl:ma_ln:hill-11,38cff6e0-fc52-4faf-9fa9-b72912600dee
10000211,fl:hi_ln:yamada-79,87bbd77e-54e0-4d95-9c1b-7843963c09eb
10000221,fl:st_ln:schumacher-7,40f7bea0-f776-45ca-819d-da1b334c84f3
10000666,fl:ja_ln:chacko-2,460e5eaf-db8a-422b-bfe3-f51dbc1f1670
10000392,fl:ja_ln:linnig-1,c747b907-4e2b-4723-bcd2-b6958616ab8a
10000468,fl:sh_ln:kikuchi-3,8ff0736b-4451-4b45-a26a-9edf0d6c7638
10000572,fl:so_ln:lucas-2,6b012dff-9445-4ee7-bc2f-51f1131545dd
10000488,fl:yo_ln:tomata-1,8ff0736b-4451-4b45-a26a-9edf0d6c7638
10000448,fl:zh_ln:hou-3,282b49fb-2e0e-48b4-896a-db3cdf066ab6
10000357,fl:mi_ln:vaniglia-1,977b2c67-8209-4c56-b2b6-7d6b425523e0
10000561,fl:da_ln:huang-87,0d463191-c5a9-497d-8037-4d6a85a6c5b2
10000658,fl:ro_ln:kunzel-2,7a24f2b0-df54-4331-8bf3-41ae6b783f77
10000677,fl:dw_ln:erickson-1,681bb272-dacd-4789-b8d1-1c43e9ed8fbf
10000003,fl:gu_ln:bergmann-3,b153659d-bd6c-4cfd-8241-d22de6410750
10000642,fl:ri_ln:gentilman-1,a45783ae-9cec-49bc-bc2e-7b064aaa5907
10000632,fl:cl_ln:lund-1,3f926e2c-f613-4332-8c6d-b0485cd49886
10000380,fl:ve_ln:bhamidi-1,d4286989-7501-4e2c-9d01-bfab4107b3fc
10000102,fl:st_ln:lambiris-1,f94290bc-7c0d-49af-9797-828af77eb9c7
10000652,fl:ye_ln:tao-11,
10000384,fl:pe_ln:ye-19,4e61fd34-7bff-47a0-a2e1-edb2b7b4826b
10000097,fl:sa_ln:kim-56,8981c35c-06bf-45ac-944d-c5c9cad7a904
10000105,fl:an_ln:barrow-2,7fd570bb-8d88-4ad9-832b-532add7b7500
10000129,fl:ka_ln:lovett-2,8a03b7d9-0444-4dfc-9737-bf029c47a462
10000492,fl:yo_ln:sakamaki-1,82e98e34-7196-4412-be68-1b61b1085daa
10000455,fl:pr_ln:jagtap-2,31329700-d88c-44c1-af1a-a2c25b7bafc6
10000655,fl:so_ln:jung-42,fd3b4ed9-fb12-4866-9885-282c43154b89
10000430,fl:da_ln:leinekugellecocq-2,55054898-6f4b-4846-95d5-6435aece606f
10000251,fl:da_ln:winters-3,
10000539,fl:to_ln:weinschenk-1,c3a5cc28-8840-4deb-8a32-342a07fea443
10000609,fl:ka_ln:kimura-70,5e7e9fff-05ba-4428-83ce-942d092a6787
10000626,fl:ja_ln:petrin-1,681bb272-dacd-4789-b8d1-1c43e9ed8fbf
10000111,fl:ta_ln:kameyama-10,e1184f58-2abf-4514-bc41-abe687741480
10000575,fl:je_ln:ledoussal-1,86c2526f-d40c-40fc-950a-0c3c2b2fa7ab
10000682,fl:ro_ln:bailey-32,187558cf-924c-4d78-a3c6-6143c2e8023d
10000516,fl:ja_ln:wiles-1,1b130916-6319-4d8b-808b-638f6845fe01
10000501,fl:pi_ln:liu-47,5ed35e81-c079-4e8d-81c8-66eb133562c3
10000244,fl:do_ln:knutson-4,bd07bae1-0654-4ee9-9519-b109499f1898
10000329,fl:ph_ln:knight-7,3d3e5d35-7538-4a92-9a4b-79abd0d5b03f
10000507,fl:yu_ln:li-18,72acc50f-79a9-4681-9edd-d2163febe47c
10000479,fl:zh_ln:ye-2,2177dec3-5ecf-445e-afaf-9250b3936aae
10000449,fl:th_ln:helleday-1,db8db963-cc59-44ec-b4b4-0b6fc768d731
10000520,fl:sy_ln:venkataraman-1,ce74c071-8b39-4153-83bb-1bd917309b45
10000684,fl:de_ln:gao-23,503c6719-6f12-40b8-825b-d2a33b369db2
10000287,fl:ja_ln:hauser-8,79b7e1b7-26f6-4881-bffc-f8ab73102a2c
10000661,fl:pa_ln:brutto-1,b52696d2-cb54-4ccf-9320-a04786fe252e
10000777,fl:al_ln:shulman-6,
10000568,fl:vi_ln:rimkunas-1,48cfd410-c389-42eb-adc8-8e9b429b7f1c
10000020,fl:st_ln:russel-1,4840cedc-7dcd-4aa9-9d62-ee877f7ef128
10000785,fl:mo_ln:kim-39,dc2459c5-bc00-4dca-9652-5f42145f7295
10000608,fl:ji_ln:cheng-32,25a3778b-47e4-402e-b188-d941c7e3c397
10000613,fl:ji_ln:xiong-6,d0fae399-ca75-40ad-8d3d-c2fadfae99f7
10000442,fl:la_ln:bouzidi-1,3ce3b54a-bdbd-4b73-ac55-cbabc845e9b4
10000227,fl:yo_ln:kurokawa-17,0276feee-c989-4a65-998e-7099a0e80785
10000166,fl:ch_ln:delord-2,491ed4e9-453a-47a1-99c1-281da294ad84
10000324,fl:ik_ln:ozaki-1,108df34e-1b79-4d31-b811-4508bd33dfb7
10000471,fl:pe_ln:murray-2,53ec5711-d131-4eae-96d6-a4f734cd597f
10000168,fl:di_ln:reichow-1,5b9d262a-fd2c-4db6-a62d-96750ac9c9f7
10000278,fl:ja_ln:lacourie-1,20b2503c-621c-4bd8-9273-400eb5b60e38
10000769,fl:xi_ln:shi-249,df177dc9-2bab-4962-a377-7bc58538742c
10000625,fl:to_ln:takemoto-13,f9e8335f-9ea6-40f6-8fa6-55a706cccc6a
10000214,fl:ke_ln:follen-1,e7dc6a46-5a07-45ec-87b6-8a113ab02e99
10000027,fl:wo_ln:schoenberger-1,4b8f021f-e3f1-4159-8372-29e1e3573a1e
10000537,fl:pa_ln:dewaal-1,8b8145db-7813-4fb1-9348-fadc8dc80042
10000760,fl:mi_ln:morita-3,f275daca-6287-4d02-8166-797b6827eaa1
10000235,fl:ma_ln:endo-36,74c11be2-20ec-49fe-ac26-d839d375bd32
10000442,fl:su_ln:narine-1,3ce3b54a-bdbd-4b73-ac55-cbabc845e9b4
10000630,fl:fa_ln:sibtain-1,4ece8167-3ed4-486b-8400-ca5941df86dd
10000414,fl:ry_ln:henkensiefken-1,f61fe707-a96f-4a90-9f8a-edbafb71b7d3
10000764,fl:sa_ln:kondo-7,87bbd77e-54e0-4d95-9c1b-7843963c09eb
10000192,fl:ch_ln:jeong-3,ad7af80f-fd53-482d-b38a-fc23e03332b4
10000542,fl:je_ln:lau-3,d8828bf1-d252-48eb-a3c6-407584bac108
10000020,fl:je_ln:swing-1,4840cedc-7dcd-4aa9-9d62-ee877f7ef128
10000524,fl:er_ln:warmerdam-1,02a49f1d-19ae-4236-8782-2410edb8682c
10000743,fl:ju_ln:kurokawa-2,0f78f41b-4cd8-40fe-9bc2-4b602173c4a2
10000766,fl:ch_ln:yang-402,180b548e-0a57-40e6-8834-56b994322645
10000212,fl:yo_ln:oh-80,ea96c059-5267-4b52-ac70-4cd0915c519e
10000440,fl:di_ln:fridag-1,b84319ea-3eb9-4374-bfc2-a8445d679e8b
10000802,fl:al_ln:natale-1,f71b5728-698a-4f20-8a7a-a2e7413ef123
10000339,fl:mi_ln:palestini-1,ab16fe16-98b3-4d1c-9f4b-73980a1d118c
10000520,fl:ri_ln:cunningham-7,ce74c071-8b39-4153-83bb-1bd917309b45
10000122,fl:xi_ln:wu-424,f68061b9-5827-43c8-8f62-33cae08b6d16
10000476,fl:da_ln:kamimura-1,0ae2b86d-756f-4802-b90e-468c0c68d012
10000417,fl:iv_ln:pagnucco-1,d17dd399-4d91-407f-b686-459438d5db37
10000645,fl:dh_ln:suseno-1,3dd38c18-3556-43ef-8bc3-188ff2afae8e
10000449,fl:ma_ln:joensson-1,db8db963-cc59-44ec-b4b4-0b6fc768d731
10000453,fl:fr_ln:gupton-2,fc8ce78e-89bd-46f9-a1be-876874b1ecef
10000532,fl:th_ln:loisel-2,ee08c552-6dd6-4228-9f5c-e7c3b634103b
10000526,fl:he_ln:waenerlundpoulsen-1,895aa595-0bdd-4437-91d0-a35695d4a7c0
10000037,fl:ei_ln:ohta-2,2d98cfae-83e2-4f9f-b7c4-92b52fab8e9b
10000268,fl:br_ln:poirier-6,b4ec4fdd-ad18-4e9c-b28c-a5ff1b10959e
10000638,fl:ch_ln:pillai-1,
10000201,fl:il_ln:park-17,ea96c059-5267-4b52-ac70-4cd0915c519e
10000384,fl:da_ln:wei-46,4e61fd34-7bff-47a0-a2e1-edb2b7b4826b
10000176,fl:ma_ln:boeddeker-2,8a03b7d9-0444-4dfc-9737-bf029c47a462
10000604,fl:dm_ln:androsov-1,533e0469-baac-46b7-9576-669db08092eb
10000788,fl:do_ln:straus-1,b504f077-387c-440a-bfb4-00e45b59f209
10000331,fl:sh_ln:miyazaki-42,5d4f358a-1d7b-49f2-b132-6bb9c2cfd725
10000412,fl:cl_ln:goodwin-2,2ac33ec4-c101-4e73-b369-d7c5ed681514
10000744,fl:da_ln:koch-7,0337ccd2-8584-41d2-a789-a31f83a09a57
10000450,fl:sa_ln:ohashi-2,15dab51e-5b68-4017-be03-a990ed1b392a
10000616,fl:ke_ln:goboh-1,cce4e43c-b399-4555-9e34-908d78d906ef
10000089,fl:jo_ln:maresh-3,
10000473,fl:ru_ln:zhang-71,0c160b17-3bc0-4935-9b42-d7efae1f7a94
10000661,fl:ge_ln:green-4,b52696d2-cb54-4ccf-9320-a04786fe252e
10000284,fl:an_ln:stubbs-3,ee19b405-e8a2-4bfe-8aa1-9f8fe50d3be7
10000761,fl:zh_ln:yang-107,29952cab-11e9-412f-bca5-735599328a40
10000731,fl:ma_ln:haj-1,030289c2-9373-4c97-a742-40a5de39cbd7
10000761,fl:yi_ln:shi-79,29952cab-11e9-412f-bca5-735599328a40
10000724,fl:pr_ln:pillai-12,3ce3b54a-bdbd-4b73-ac55-cbabc845e9b4
10000487,fl:ju_ln:ernst-1,741cd94c-f327-43e1-96bc-a576e560b921
10000102,fl:le_ln:sanford-1,f94290bc-7c0d-49af-9797-828af77eb9c7
10000546,fl:ta_ln:tsuji-1,d644dd23-fb50-4779-9e83-304247bb3ebc
10000769,fl:su_ln:lo-5,df177dc9-2bab-4962-a377-7bc58538742c
10000466,fl:mi_ln:orwat-1,2ebba3c5-ebc0-4f3b-b91b-262d86c832e1
10000535,fl:fr_ln:gombert-1,4bfd9d83-10ab-4b46-b0b3-cb7f0ed81393
10000785,fl:ge_ln:cha-4,dc2459c5-bc00-4dca-9652-5f42145f7295
10000026,fl:ma_ln:matsen-1,d741637e-71a6-4101-a7db-0c2ba20a2958
10000465,fl:ch_ln:yates-3,56d31b59-a481-484b-aa34-04f67a96f3f5
10000665,fl:an_ln:dresel-1,26bf7fa7-3704-4263-b7d8-33206935e460
10000529,fl:vi_ln:kulkarni-2,04aa84e6-11ce-4b28-aa13-d6ccb5f25e68
10000708,fl:jo_ln:vanwilligenburg-1,7ff46aad-920a-4a06-97cb-791a4cd70773
10000470,fl:ga_ln:huang-34,9c1ff8bc-4516-42cc-8c52-bd100f68f2ac
10000473,fl:fe_ln:song-1,0c160b17-3bc0-4935-9b42-d7efae1f7a94
10000780,fl:ol_ln:bonzom-1,55054898-6f4b-4846-95d5-6435aece606f
10000393,fl:lu_ln:wanderleybratfischpace-1,6ca11cca-066f-4f69-990a-dafa1665ef9d
10000760,fl:hi_ln:nishiuchi-2,f275daca-6287-4d02-8166-797b6827eaa1
10000538,fl:ma_ln:sotoalvarez-1,2a1f7c66-5af2-48ad-b98b-099bd1e78f7c
10000477,fl:lu_ln:tarsi-1,5f8b77e1-5974-453f-81be-f4a477a8495e
10000062,fl:ka_ln:fujioka-12,877b4262-7552-45e3-adc3-c484b3095cf3
10000464,fl:re_ln:emmenegger-1,374174a9-6936-40a0-a7d5-a7b96f3460e4
10000003,fl:cr_ln:mehren-1,b153659d-bd6c-4cfd-8241-d22de6410750
10000112,fl:li_ln:doan-2,8a03b7d9-0444-4dfc-9737-bf029c47a462
10000582,fl:we_ln:jackson-3,6ce04dde-f383-4923-8798-780d1a608ed6
10000454,fl:mi_ln:cui-1,5ed35e81-c079-4e8d-81c8-66eb133562c3
10000510,fl:kr_ln:moshos-1,5ed35e81-c079-4e8d-81c8-66eb133562c3
10000255,fl:sa_ln:shahana-1,222264bc-5220-40eb-8a6e-a2d1088af14f
10000394,fl:sc_ln:noland-1,da440cd3-9809-44c0-9f9e-da39625672e0
10000588,fl:ja_ln:leita-1,d4286989-7501-4e2c-9d01-bfab4107b3fc
10000333,fl:gr_ln:young-19,
10000477,fl:su_ln:cremonesi-2,5f8b77e1-5974-453f-81be-f4a477a8495e
10000478,fl:lo_ln:walensky-1,f324b245-d9ee-4285-bd81-177d87354b40
10000486,fl:ja_ln:burgeson-1,cefc56ec-e231-4f5e-b58d-9bef83c4bcfc
10000733,fl:da_ln:baltrus-1,246ab72d-6aae-4951-88f0-6d3f5a61466c
10000497,fl:ju_ln:neuss-1,c6257a2e-f03b-4895-aebc-004d2414da97
10000212,fl:hy_ln:kwon-71,ea96c059-5267-4b52-ac70-4cd0915c519e
10000620,fl:sh_ln:horiuchi-24,a8fd3500-dbf0-4445-a810-ea9a275afdbd
10000427,fl:ma_ln:banerjee-2,95440980-f246-43e8-ba3c-c96311630193
10000480,fl:st_ln:wrobleski-1,2ebba3c5-ebc0-4f3b-b91b-262d86c832e1
10000710,fl:da_ln:ferrughelli-1,8aab048f-9515-4287-8343-b7fd26758cf5
10000389,fl:da_ln:chaiko-1,dbaeafee-078a-43e7-9af4-47a39bb94118
10000447,fl:jo_ln:gaudette-1,aff59855-e1cd-4810-b136-18c3a1a847bd
10000048,fl:je_ln:horning-2,04eea1ee-4652-4f9e-a96b-dd1976991d93
10000015,fl:ro_ln:nick-1,533e0469-baac-46b7-9576-669db08092eb
10000045,fl:go_ln:tazaki-1,47b2aabd-0c46-41f8-a686-945e6fbb7d08
10000463,fl:ma_ln:ito-31,b5ac98b7-7d2d-4a11-88f2-7dbae02fd5b9
10000369,fl:ig_ln:singur-1,0bed6263-59b4-4070-9d43-3927311dd9e2
10000634,fl:no_ln:mashino-1,a81f90ea-a4a9-40e9-8978-466148b6c116
10000481,fl:st_ln:stokes-3,e67f7f78-5605-40c9-b647-c281533367cd
10000180,fl:na_ln:higashimachi-1,87bbd77e-54e0-4d95-9c1b-7843963c09eb
10000056,fl:ma_ln:mantani-1,6145eccf-2944-4bfc-8a82-e87bfce4d434
10000734,fl:an_ln:olonen-1,6710c4d3-5aad-4b5f-9212-a75e9718009d
10000772,fl:je_ln:doudna-1,6ce04dde-f383-4923-8798-780d1a608ed6
10000706,fl:da_ln:eisenhawer-1,4ece8167-3ed4-486b-8400-ca5941df86dd
10000567,fl:ti_ln:jones-3,8fc2f2c2-3db9-40e7-a7b2-41b0c57c5207
10000592,fl:yi_ln:liu-175,3e12a65b-6581-4c1b-be54-ea9bbca3b551
10000234,fl:ta_ln:kim-165,2994b4fb-3c48-4a0f-88b7-08fdfcd4739a
10000240,fl:ma_ln:mitani-14,7fd570bb-8d88-4ad9-832b-532add7b7500
10000273,fl:pa_ln:basso-2,ff6a0dd6-ce8a-40db-91a8-6e93655b3a73
10000711,fl:he_ln:zimmermann-11,2548e5bc-8e5a-4659-a9ea-75a8da84843c
10000215,fl:am_ln:khajepour-1,f94290bc-7c0d-49af-9797-828af77eb9c7
10000601,fl:su_ln:narine-1,3ce3b54a-bdbd-4b73-ac55-cbabc845e9b4
10000136,fl:so_ln:noh-6,ea96c059-5267-4b52-ac70-4cd0915c519e
10000680,fl:el_ln:wood-4,cb679c87-4fbf-4b54-8498-c6710a0997b6
10000417,fl:ba_ln:corrado-1,d17dd399-4d91-407f-b686-459438d5db37
10000225,fl:ja_ln:sclare-2,dc178941-f35e-430d-968a-68bf72a27607
10000212,fl:my_ln:heo-9,ea96c059-5267-4b52-ac70-4cd0915c519e
10000140,fl:su_ln:kim-456,ea96c059-5267-4b52-ac70-4cd0915c519e
10000641,fl:an_ln:miles-2,6ca11cca-066f-4f69-990a-dafa1665ef9d
10000440,fl:jo_ln:schallenberg-1,b84319ea-3eb9-4374-bfc2-a8445d679e8b
10000580,fl:ra_ln:kasat-2,99a82a2a-c494-4f14-bec0-2bcb33b5c533
10000747,fl:ti_ln:cheng-11,0b3e2604-cb45-4056-9f33-00c6ed2fb197
10000614,fl:ar_ln:salminen-1,e72c4784-e8dc-4eb7-8763-61c70aee532f
10000493,fl:in_ln:mergelsberg-1,26d14adb-bc28-44da-a695-0f5d155de867
10000184,fl:to_ln:umakoshi-2,74c11be2-20ec-49fe-ac26-d839d375bd32
10000414,fl:al_ln:guzzetta-1,f61fe707-a96f-4a90-9f8a-edbafb71b7d3
10000445,fl:al_ln:hedinger-2,ea9b3e84-48ba-47ec-8903-1e151eab97c6
10000440,fl:gu_ln:stochniol-1,b84319ea-3eb9-4374-bfc2-a8445d679e8b
10000159,fl:ar_ln:sakarian-1,8a03b7d9-0444-4dfc-9737-bf029c47a462
10000507,fl:ju_ln:pan-28,72acc50f-79a9-4681-9edd-d2163febe47c
10000358,fl:re_ln:talabi-1,afe57124-9a3d-416f-a5d7-bc566532552d
10000776,fl:ge_ln:sobany-1,6ba691cc-cff4-4e01-80fb-9dc325558522
10000253,fl:ta_ln:furuya-4,222264bc-5220-40eb-8a6e-a2d1088af14f
10000098,fl:wa_ln:schuchter-1,1918bc79-3bf3-4be6-8ea5-c5438e714ae2
10000636,fl:am_ln:flores-1,46ce8539-7b8f-4304-a07e-bbb94bdb821a
10000078,fl:ma_ln:tsuchiya-6,416cb9d9-6ac0-4156-8441-bbc5f9c00c64
10000435,fl:be_ln:morandelgado-2,41a2bf1a-8afe-4b78-a2c7-040ac6a9987a
10000716,fl:na_ln:jing-3,681bb272-dacd-4789-b8d1-1c43e9ed8fbf
10000455,fl:ga_ln:southan-1,31329700-d88c-44c1-af1a-a2c25b7bafc6
10000695,fl:in_ln:lee-22,533e0469-baac-46b7-9576-669db08092eb
10000060,fl:yo_ln:naganuma-5,877b4262-7552-45e3-adc3-c484b3095cf3
10000358,fl:jo_ln:novotny-4,afe57124-9a3d-416f-a5d7-bc566532552d
10000716,fl:ya_ln:wang-82,681bb272-dacd-4789-b8d1-1c43e9ed8fbf
10000604,fl:ch_ln:kim-1068,533e0469-baac-46b7-9576-669db08092eb
10000647,fl:yo_ln:shimamura-8,ed9722a5-c905-4ae9-9210-08a542017582
10000052,fl:ti_ln:stowe-3,4840cedc-7dcd-4aa9-9d62-ee877f7ef128
10000288,fl:ca_ln:bunea-1,79b7e1b7-26f6-4881-bffc-f8ab73102a2c
10000454,fl:an_ln:nair-8,5ed35e81-c079-4e8d-81c8-66eb133562c3
10000553,fl:va_ln:oganesyan-1,8cc2701d-1308-41bb-89f3-d80d97cf4321
10000149,fl:hi_ln:takaguchi-3,565a44f1-a969-484b-8e86-0f4239f2f847
10000606,fl:mo_ln:singh-6,f579a840-488f-43a8-8e23-03262d5e0b2a
10000612,fl:du_ln:mcdonald-1,d0fae399-ca75-40ad-8d3d-c2fadfae99f7
10000507,fl:ma_ln:rafalski-1,72acc50f-79a9-4681-9edd-d2163febe47c
10000569,fl:po_ln:lin-78,533e0469-baac-46b7-9576-669db08092eb
10000503,fl:hi_ln:andoh-1,77b0e539-7552-487c-8171-df9127f7fa66
10000370,fl:pr_ln:david-1,184fc64b-aaf5-44a7-b2bd-dfec4e6d7db5
10000112,fl:de_ln:patel-27,8a03b7d9-0444-4dfc-9737-bf029c47a462
10000424,fl:do_ln:beall-2,cb611b09-7b38-4e94-bbe5-e2abf0385bd3
10000596,fl:mi_ln:wendland-2,681bb272-dacd-4789-b8d1-1c43e9ed8fbf
10000410,fl:jo_ln:mauro-3,cb611b09-7b38-4e94-bbe5-e2abf0385bd3
10000642,fl:ch_ln:nordahl-1,a45783ae-9cec-49bc-bc2e-7b064aaa5907
10000651,fl:zo_ln:yao-4,ed9722a5-c905-4ae9-9210-08a542017582
10000718,fl:sa_ln:horstmann-1,8210278c-33be-4cd6-b948-9e8c205381a4
10000517,fl:ch_ln:xia-13,969ad733-4b23-4eb4-b148-3bb95ce1ca51
10000198,fl:sh_ln:oya-4,87bbd77e-54e0-4d95-9c1b-7843963c09eb
10000517,fl:ju_ln:tsai-6,969ad733-4b23-4eb4-b148-3bb95ce1ca51
10000456,fl:de_ln:volkots-1,cfbe3073-5fb8-4a64-95d8-ced1a2e1188f
10000057,fl:or_ln:perets-1,da679ce6-cd5e-49ae-bb53-2690e30de4ef
10000636,fl:pe_ln:johnson-28,46ce8539-7b8f-4304-a07e-bbb94bdb821a
10000182,fl:ko_ln:hayashi-25,74c11be2-20ec-49fe-ac26-d839d375bd32
10000014,fl:fr_ln:dietzen-1,d6f138ea-5fbc-4de0-b58f-9080a787105f
10000644,fl:ch_ln:broadbent-4,d741637e-71a6-4101-a7db-0c2ba20a2958
10000204,fl:so_ln:park-137,ea96c059-5267-4b52-ac70-4cd0915c519e
10000494,fl:ga_ln:chiosis-1,c30048ca-fc39-4cf6-925b-3c418ae85d5d
10000772,fl:ma_ln:jinek-1,6ce04dde-f383-4923-8798-780d1a608ed6
10000799,fl:jo_ln:pel-2,53f7ddde-2413-4266-9c14-7a0424206362
10000435,9d4n533n2s9opo012aqktrdux,41a2bf1a-8afe-4b78-a2c7-040ac6a9987a
10000328,fl:pe_ln:leiss-1,
10000751,fl:ro_ln:hou-6,b904f566-62d6-44a5-8689-7b5c5a3a1a19
10000666,fl:ed_ln:martine-1,460e5eaf-db8a-422b-bfe3-f51dbc1f1670
10000721,fl:ma_ln:ng-3,898a3069-7836-4817-b078-0a270550711b
10000616,fl:ei_ln:fujita-2,cce4e43c-b399-4555-9e34-908d78d906ef
10000447,fl:vi_ln:akopian-1,aff59855-e1cd-4810-b136-18c3a1a847bd
10000463,fl:hi_ln:nishida-17,b5ac98b7-7d2d-4a11-88f2-7dbae02fd5b9
10000556,fl:st_ln:sosnovtsev-1,c909cb45-8f99-4ef2-8cbd-f57bcbbcd3f4
10000093,fl:ch_ln:gayton-1,
10000451,fl:ja_ln:park-251,0ed7db0d-4cee-441e-aaa2-4452443ac0e4
10000745,fl:ma_ln:haydenledbetter-2,f6ee5c34-7435-435b-b33c-03a2eb2269e7
10000715,fl:an_ln:kumar-21,2349fcc3-744a-4a87-8e00-9bb4802b6bde
10000185,fl:mi_ln:kacprzak-2,2c48569d-7d8e-4c0a-9921-7c1b9c2003b5
10000787,fl:gr_ln:timmins-1,d3e4929a-52cd-469b-b4fc-a9ba164d74ab
10000355,fl:ta_ln:kobayashi-70,e738f13e-85d9-4790-a3a5-f56afc3b6fc1
10000543,fl:je_ln:cleland-1,02f21059-f8cc-4f7e-9cee-ecfd35bdb268
10000403,fl:ko_ln:sato-29,30211f56-d5f7-4eea-927e-1ae960f29170
10000437,fl:ch_ln:davis-36,b34f726f-c6f5-4e9c-b39b-3be08fd1e36a
10000610,fl:co_ln:lu-1,1b606c63-f004-4846-8e11-d819cee5029a
10000436,fl:mi_ln:koo-19,bec81223-c3d2-4a58-a405-a45962f42ad3
10000352,fl:ta_ln:nakamura-96,6145eccf-2944-4bfc-8a82-e87bfce4d434
10000207,fl:er_ln:lavoie-1,8a03b7d9-0444-4dfc-9737-bf029c47a462
10000393,fl:pr_ln:duggirala-1,6ca11cca-066f-4f69-990a-dafa1665ef9d
10000593,fl:mi_ln:titone-2,8aab048f-9515-4287-8343-b7fd26758cf5
10000562,fl:jo_ln:zeid-1,b354988b-6671-409f-a03a-179009ca49d2
10000567,fl:nu_ln:rachamim-1,8fc2f2c2-3db9-40e7-a7b2-41b0c57c5207
10000503,fl:no_ln:nakagawa-24,77b0e539-7552-487c-8171-df9127f7fa66
10000543,fl:wi_ln:stemmer-5,02f21059-f8cc-4f7e-9cee-ecfd35bdb268
10000807,fl:xi_ln:zhi-17,3f3ca576-89e3-4667-b0e7-0d3978b40687
10000213,fl:ma_ln:ghannam-2,8a03b7d9-0444-4dfc-9737-bf029c47a462
10000467,fl:fr_ln:lehmann-5,3f2e8d11-c60e-4ba2-8202-f27731d63cb9
10000268,fl:ry_ln:abellera-1,b4ec4fdd-ad18-4e9c-b28c-a5ff1b10959e
10000455,fl:an_ln:salzman-1,31329700-d88c-44c1-af1a-a2c25b7bafc6
10000412,fl:jo_ln:ridealgh-1,2ac33ec4-c101-4e73-b369-d7c5ed681514
10000600,fl:da_ln:specker-1,d6f138ea-5fbc-4de0-b58f-9080a787105f
10000612,fl:ge_ln:adler-2,d0fae399-ca75-40ad-8d3d-c2fadfae99f7
10000516,fl:ak_ln:hashimoto-3,1b130916-6319-4d8b-808b-638f6845fe01
10000755,fl:yo_ln:sadovsky-1,f59e43f2-7044-4977-a926-6b8a690d8c86
10000366,fl:da_ln:marvin-1,80cfee41-71d4-4cda-8abb-4075fd768b44
10000076,fl:te_ln:ohba-2,5b0b2179-927c-48dd-a8ee-211adb1d7e7a
10000705,fl:ah_ln:faegh-1,ca3eedcb-292b-495c-8f04-81e3aa3b4a78
10000758,fl:ca_ln:tracewell-1,64c7501b-59d8-4b14-893b-3c51d3000e6d
10000312,fl:su_ln:hana-1,
10000134,fl:je_ln:white-43,87a5b154-2721-40d4-ba53-0213a74e9b2d
10000044,fl:ma_ln:fogliati-1,d95cf81a-2270-41a7-ba3b-8cbc3f8be0cf
10000443,fl:st_ln:bergmeier-2,f67f7503-8d29-45d4-898b-1aa15d14a5f3
10000718,fl:da_ln:larem-1,8210278c-33be-4cd6-b948-9e8c205381a4
10000565,fl:cr_ln:basson-1,0d463191-c5a9-497d-8037-4d6a85a6c5b2
10000532,fl:ph_ln:crine-1,ee08c552-6dd6-4228-9f5c-e7c3b634103b
10000694,fl:ch_ln:pflumm-1,ea9b3e84-48ba-47ec-8903-1e151eab97c6
10000504,fl:lu_ln:janssens-1,7aebffc8-c7f6-4d0d-b661-a27983a7f654
10000486,fl:do_ln:dai-4,cefc56ec-e231-4f5e-b58d-9bef83c4bcfc
10000273,fl:be_ln:tomschke-1,ff6a0dd6-ce8a-40db-91a8-6e93655b3a73
10000334,fl:ma_ln:karasawa-2,877b4262-7552-45e3-adc3-c484b3095cf3
10000225,fl:st_ln:burns-13,dc178941-f35e-430d-968a-68bf72a27607
10000641,fl:ne_ln:bretherton-1,6ca11cca-066f-4f69-990a-dafa1665ef9d
10000051,fl:jo_ln:rodriguez-38,4840cedc-7dcd-4aa9-9d62-ee877f7ef128
10000438,fl:di_ln:sombroek-1,9ec00d73-7763-49f2-bbc6-277a0288371b
10000358,fl:sc_ln:richie-1,afe57124-9a3d-416f-a5d7-bc566532552d
10000440,fl:he_ln:reeker-1,b84319ea-3eb9-4374-bfc2-a8445d679e8b
10000752,fl:jo_ln:collard-2,d00b8c7a-e5cb-4db6-b59e-540072232616
10000113,fl:st_ln:schmeichel-2,d3c8a4a8-2c30-467e-ac35-41bdff21b4b8
10000163,fl:an_ln:kuehnle-1,023f36b6-abbb-47f0-b2d3-55ed907227d2
10000238,fl:th_ln:roeth-1,2666ac0d-d5ad-4346-97de-acec7e230a94
10000296,fl:lo_ln:hoegberg-1,d67a2671-7ba2-4525-a2b4-c52e054ace9a
10000803,fl:ha_ln:cao-5,c7c7681d-1d55-4cb0-8171-2bbe9f4b237c
10000749,fl:gr_ln:park-3,3e0096da-2977-47b6-94dc-61934bae1454
10000728,fl:ju_ln:goncalvesrodrigues-1,fafef382-7ea1-478a-bbb1-dece22befe29
10000654,fl:ge_ln:brooks-11,8b4c15c0-5206-44a3-ac8d-81f7824bf06a
10000642,fl:hu_ln:nguyen-51,a45783ae-9cec-49bc-bc2e-7b064aaa5907
10000337,fl:ch_ln:brett-1,16f24e7b-4b22-4101-a205-9c1f259c4511
10000399,fl:th_ln:stoeck-1,e95c4659-e889-45db-9621-e63e8eb53418
10000609,fl:ka_ln:hanada-13,5e7e9fff-05ba-4428-83ce-942d092a6787
10000299,fl:sa_ln:apdalhaliem-1,d741637e-71a6-4101-a7db-0c2ba20a2958
10000758,fl:an_ln:burgard-3,64c7501b-59d8-4b14-893b-3c51d3000e6d
10000084,fl:hi_ln:ohta-50,877b4262-7552-45e3-adc3-c484b3095cf3
10000229,fl:ay_ln:shimada-1,93171645-3a55-48c7-b2d0-9e5c1d3a1a74
10000415,fl:yu_ln:matsutani-1,391165c9-dd71-4a3b-a0a8-ead9a8ff2fdd
10000575,fl:st_ln:birkle-1,86c2526f-d40c-40fc-950a-0c3c2b2fa7ab
10000281,fl:di_ln:bertin-1,62e9f5ad-a914-451e-b056-8de4e9d3f8b7
10000703,fl:ru_ln:song-1,2a4051c0-c1ef-4941-8d7b-8e685e02acb9
10000547,fl:le_ln:stevermann-1,24770c94-7830-432d-94ef-bfa28775b740
10000458,fl:ta_ln:abe-9,4f9b80c7-483b-4f62-aa60-270ffcaa94aa
10000460,fl:se_ln:gamboamartinez-1,cefc8d48-d0db-49b8-b8fc-0c8f3d704312
10000351,fl:ma_ln:fischer-41,29e8ca83-20e6-45ff-96e7-f4d9bd893607
10000382,fl:va_ln:prusov-1,
10000537,fl:hy_ln:shin-22,8b8145db-7813-4fb1-9348-fadc8dc80042
10000450,fl:yo_ln:sakurai-43,15dab51e-5b68-4017-be03-a990ed1b392a
10000501,fl:de_ln:guiadeen-2,5ed35e81-c079-4e8d-81c8-66eb133562c3
10000446,fl:ra_ln:gupta-15,7b3a3311-a503-4c38-8523-4041dc0bbe29
10000231,fl:re_ln:zogg-1,2893052b-d06d-43fd-8718-414fd0b190b0
10000698,fl:za_ln:seeley-1,aed52f28-fd48-44e3-beb6-177540d662d9
10000029,fl:so_ln:nakane-1,0cce7bd8-2978-4a18-b5aa-b0421f6c306e
10000637,fl:ji_ln:ni-43,d6f138ea-5fbc-4de0-b58f-9080a787105f
10000460,fl:li_ln:hutchings-1,cefc8d48-d0db-49b8-b8fc-0c8f3d704312
10000561,fl:re_ln:hemmig-1,0d463191-c5a9-497d-8037-4d6a85a6c5b2
10000805,fl:er_ln:olivares-1,bcb5216e-a621-4c83-b12a-355d7ad3d3a8
10000630,fl:ha_ln:khakdaman-3,4ece8167-3ed4-486b-8400-ca5941df86dd
10000581,fl:ad_ln:kulkarni-8,4e61fd34-7bff-47a0-a2e1-edb2b7b4826b
10000468,fl:ma_ln:hopkins-22,8ff0736b-4451-4b45-a26a-9edf0d6c7638
10000120,fl:ak_ln:kakudate-1,1647337d-4cd1-4e91-9167-aea8ba78dee6
10000497,fl:he_ln:horsley-1,c6257a2e-f03b-4895-aebc-004d2414da97
10000343,fl:to_ln:kageyama-6,a637a1ae-00dc-4fdd-9d39-256389094e27
10000233,fl:as_ln:chandy-1,89a8ed8d-dcaa-46eb-93fd-e8b6fed97f68
10000662,fl:th_ln:briffaud-1,1a7ba982-b7ee-471c-813a-457839a13730
10000573,fl:he_ln:balasubramanian-1,846ef848-d2a5-4f29-a152-0b79330db52a
10000107,fl:ko_ln:komori-2,3603bc38-d35d-413a-b99d-007cfa49831b
10000467,fl:ma_ln:nlend-1,3f2e8d11-c60e-4ba2-8202-f27731d63cb9
10000588,fl:ma_ln:schick-1,d4286989-7501-4e2c-9d01-bfab4107b3fc
10000756,fl:yu_ln:nam-43,0043813d-b3d0-4ec6-9b08-945841cd5141
10000792,fl:ku_ln:hsiao-2,ea543a19-e0f2-49d2-a07a-31979f6350e0
10000544,fl:da_ln:thappa-1,c852a47e-f542-4c47-acd0-0020449e171f
10000118,fl:te_ln:takaishi-1,cb5367eb-ebac-459a-b013-d92860572522
10000590,fl:ja_ln:kreider-3,d433d76d-e698-4711-aaad-63e1aebfb729
10000380,fl:su_ln:chakraborty-3,d4286989-7501-4e2c-9d01-bfab4107b3fc
10000529,fl:vi_ln:ammoscato-1,04aa84e6-11ce-4b28-aa13-d6ccb5f25e68
10000178,fl:os_ln:fukawatase-1,87bbd77e-54e0-4d95-9c1b-7843963c09eb
10000184,fl:ta_ln:saito-10,74c11be2-20ec-49fe-ac26-d839d375bd32
10000800,fl:ma_ln:chee-1,b4e511ed-31bf-4530-a7ca-42a8114fd7d7
10000529,fl:je_ln:gomez-14,04aa84e6-11ce-4b28-aa13-d6ccb5f25e68
10000679,fl:sh_ln:kosugi-2,2a5fd84a-89e0-4962-aa61-a5bcbaee0a82
10000392,fl:mi_ln:laursen-1,c747b907-4e2b-4723-bcd2-b6958616ab8a
10000467,fl:ma_ln:wenzel-9,3f2e8d11-c60e-4ba2-8202-f27731d63cb9
10000525,fl:ka_ln:nagaraju-2,e3c68e78-2ab8-4222-922c-6d0dbf44971b
10000322,fl:ad_ln:vagnoni-1,1c631b96-8301-4819-bd8c-2e69e2ef6c76
10000561,fl:gi_ln:vanheeke-2,0d463191-c5a9-497d-8037-4d6a85a6c5b2
10000286,fl:sc_ln:savian-1,7cac4f5f-80c1-4f7f-b74e-17aa91e4ad03
10000685,fl:ji_ln:chatterji-1,0ed3b5da-e166-4ce8-bb57-768914cc7e2e
10000447,fl:vi_ln:knopov-1,aff59855-e1cd-4810-b136-18c3a1a847bd
10000024,fl:ja_ln:park-207,8c40b2c4-17fd-462d-970e-4b8004ed1372
10000311,fl:vi_ln:oliver-4,
10000578,fl:am_ln:way-1,41c3267b-83f3-4289-b411-e75085a6e236
10000320,fl:jo_ln:gagne-1,
10000093,fl:st_ln:oraison-1,
10000742,fl:jo_ln:nelson-24,b904f566-62d6-44a5-8689-7b5c5a3a1a19
10000171,fl:su_ln:bhattacharjee-16,8a03b7d9-0444-4dfc-9737-bf029c47a462
10000593,fl:gr_ln:day-1,8aab048f-9515-4287-8343-b7fd26758cf5
10000511,fl:mi_ln:stewart-2,f324b245-d9ee-4285-bd81-177d87354b40
10000738,fl:yi_ln:liu-173,b23756fb-7ef6-42eb-b878-2c9148f97831
10000745,fl:xi_ln:sun-21,f6ee5c34-7435-435b-b33c-03a2eb2269e7
10000394,fl:bo_ln:elliott-1,da440cd3-9809-44c0-9f9e-da39625672e0
10000534,fl:yo_ln:chung-34,1c61d0a1-2219-4521-8f7c-e7ebf38a684b
10000506,fl:ji_ln:shan-3,e0f1ff12-ec1b-436b-8bf9-e723858e8a6a
10000069,fl:ma_ln:mcnestry-1,2f28e7d2-8060-422e-80ba-f1f2ccd96252
10000304,fl:ar_ln:moncayo-1,
10000322,fl:si_ln:bosatelli-1,1c631b96-8301-4819-bd8c-2e69e2ef6c76
10000097,fl:su_ln:kwak-14,8981c35c-06bf-45ac-944d-c5c9cad7a904
10000684,fl:gu_ln:ma-28,503c6719-6f12-40b8-825b-d2a33b369db2
10000488,fl:ta_ln:imada-3,8ff0736b-4451-4b45-a26a-9edf0d6c7638
10000176,fl:mi_ln:goesch-1,8a03b7d9-0444-4dfc-9737-bf029c47a462
10000579,fl:ra_ln:baghel-1,e4d9f323-acf9-4a0b-adbc-81c1c2f2e6ab
10000593,fl:ma_ln:bedoya-1,8aab048f-9515-4287-8343-b7fd26758cf5
10000159,fl:jo_ln:greiner-8,8a03b7d9-0444-4dfc-9737-bf029c47a462
10000673,fl:ar_ln:curet-1,0fd155d5-bf2b-4e3e-b8c1-3c64e5535bd6
10000547,fl:an_ln:mahr-1,24770c94-7830-432d-94ef-bfa28775b740
10000506,fl:bo_ln:zhang-29,e0f1ff12-ec1b-436b-8bf9-e723858e8a6a
10000425,fl:pa_ln:perea-2,e6c47bb5-1ef6-4293-b853-afad0b4e8a13
10000502,fl:vi_ln:pande-2,0c160b17-3bc0-4935-9b42-d7efae1f7a94
10000567,fl:fr_ln:carr-4,8fc2f2c2-3db9-40e7-a7b2-41b0c57c5207
10000030,fl:ma_ln:ohara-23,42aa3260-365e-4cd2-ac81-60d2dd8b39bf
10000793,fl:st_ln:dertinger-1,a72a0b17-258c-4af4-9876-d45d4182c9cb
10000656,fl:ko_ln:oyama-6,5b0b2179-927c-48dd-a8ee-211adb1d7e7a
10000721,fl:ta_ln:haque-10,898a3069-7836-4817-b078-0a270550711b
10000292,fl:dr_ln:hartman-1,e6c47bb5-1ef6-4293-b853-afad0b4e8a13
10000019,fl:jo_ln:spalding-3,d741637e-71a6-4101-a7db-0c2ba20a2958
10000398,fl:li_ln:ren-32,3aee6da5-d0fc-4ad5-9310-091125eef3f1
10000267,fl:st_ln:anschuetz-1,b4ec4fdd-ad18-4e9c-b28c-a5ff1b10959e
10000733,fl:an_ln:arnold-1,246ab72d-6aae-4951-88f0-6d3f5a61466c
10000412,fl:ki_ln:cheetham-1,2ac33ec4-c101-4e73-b369-d7c5ed681514
10000688,fl:re_ln:navarrete-1,4f87fefb-2763-4236-ab35-57bee381a0fd
10000110,fl:so_ln:hong-11,79e4fd67-e4fe-4c76-b62d-9a360beeceb1
10000516,fl:go_ln:pais-2,1b130916-6319-4d8b-808b-638f6845fe01
10000341,fl:er_ln:walker-11,7a2a9b74-f001-4054-b105-83b7c9d1f62d
10000683,fl:ka_ln:galindo-1,0ed3b5da-e166-4ce8-bb57-768914cc7e2e
10000781,fl:st_ln:benkovic-2,7b53cfb1-d127-4486-b74b-c70f1fb5b792
10000097,fl:ta_ln:kim-53,8981c35c-06bf-45ac-944d-c5c9cad7a904
10000489,fl:jo_ln:redmond-1,ad792ebb-0032-4c12-bab4-6bfa8f84fd6c
10000611,fl:ju_ln:boyer-1,5122be92-08e4-4624-a04f-18a5ef263ba7
10000036,fl:ro_ln:bryant-13,ca3ac0a6-f44b-45c7-8816-bc2b1d409e84
10000750,fl:do_ln:smith-42,ea543a19-e0f2-49d2-a07a-31979f6350e0
10000197,fl:ar_ln:thungagopal-1,e7dc6a46-5a07-45ec-87b6-8a113ab02e99
10000558,fl:xi_ln:guan-24,4b3d77c4-e206-445c-a007-3dbb36ea4787
10000557,fl:se_ln:dryga-1,6aa04bed-c285-4d3f-81b9-052ec1e399ce
10000293,fl:ku_ln:murrow-1,b904f566-62d6-44a5-8689-7b5c5a3a1a19
10000804,fl:ha_ln:cao-5,c7c7681d-1d55-4cb0-8171-2bbe9f4b237c
10000793,fl:do_ln:torous-1,a72a0b17-258c-4af4-9876-d45d4182c9cb
10000607,fl:ta_ln:oda-21,0b6359d0-1aaf-4f40-99f1-b8ebcccd5dd7
10000720,fl:re_ln:kripp-1,d6f138ea-5fbc-4de0-b58f-9080a787105f
10000682,fl:ja_ln:friedheim-1,187558cf-924c-4d78-a3c6-6143c2e8023d
10000454,fl:ma_ln:clements-4,5ed35e81-c079-4e8d-81c8-66eb133562c3
10000619,fl:sh_ln:fukuoka-2,cce4e43c-b399-4555-9e34-908d78d906ef
10000527,fl:ch_ln:charolkar-1,e4d9f323-acf9-4a0b-adbc-81c1c2f2e6ab
10000582,fl:ed_ln:altiok-1,6ce04dde-f383-4923-8798-780d1a608ed6
10000525,fl:jo_ln:mccall-15,e3c68e78-2ab8-4222-922c-6d0dbf44971b
10000568,fl:ja_ln:wieler-1,48cfd410-c389-42eb-adc8-8e9b429b7f1c
10000437,fl:sh_ln:zhu-24,b34f726f-c6f5-4e9c-b39b-3be08fd1e36a
10000600,fl:ha_ln:wiese-4,d6f138ea-5fbc-4de0-b58f-9080a787105f
10000022,fl:sc_ln:defelice-1,ab0e7b33-de4e-41f8-a553-ee4665499a2d
10000104,fl:ma_ln:roessle-2,1f99e6e5-1de9-49ae-b056-ddd9612c0747
10000684,fl:li_ln:zhao-116,503c6719-6f12-40b8-825b-d2a33b369db2
10000501,fl:xi_ln:du-6,5ed35e81-c079-4e8d-81c8-66eb133562c3
10000670,fl:ha_ln:kuder-1,7fbe2d79-2341-4308-a0f0-0d738078b84e
10000262,fl:hi_ln:ando-20,3344a94c-ed9c-4eef-bed6-4db204c76ba8
10000660,fl:ro_ln:vangaalen-1,f12f369b-d875-4370-bed6-6e41b29f2c93
10000559,fl:me_ln:murdock-1,05f6e24d-a0e1-4255-bb84-4c33da23ddda
10000399,fl:ha_ln:breiner-1,e95c4659-e889-45db-9621-e63e8eb53418
10000520,fl:br_ln:nettles-1,ce74c071-8b39-4153-83bb-1bd917309b45
10000164,fl:ja_ln:wisnia-1,20913463-3818-4a6f-a0cc-13b1f521e112
10000489,fl:ma_ln:campbellcrawford-1,ad792ebb-0032-4c12-bab4-6bfa8f84fd6c
10000480,fl:ya_ln:zhang-22,2ebba3c5-ebc0-4f3b-b91b-262d86c832e1
10000213,fl:ae_ln:dudar-1,8a03b7d9-0444-4dfc-9737-bf029c47a462
10000445,fl:mi_ln:platscher-1,ea9b3e84-48ba-47ec-8903-1e151eab97c6
10000337,fl:ma_ln:whelan-6,16f24e7b-4b22-4101-a205-9c1f259c4511
10000783,fl:ei_ln:ono-9,d1622868-c5e5-4701-8c28-39f526aeffd7
10000528,fl:ha_ln:graffner-1,35717acb-7566-431d-a76b-6becdd7fb368
10000222,fl:ri_ln:allshouse-1,ab16fe16-98b3-4d1c-9f4b-73980a1d118c
10000574,fl:pa_ln:baeuerle-1,b5aa943e-82cf-4c37-9825-6fc0c0d8ab49
10000291,fl:cr_ln:prevost-1,e6c47bb5-1ef6-4293-b853-afad0b4e8a13
10000607,fl:no_ln:tsunaka-1,0b6359d0-1aaf-4f40-99f1-b8ebcccd5dd7
10000734,fl:sa_ln:tiitinen-1,6710c4d3-5aad-4b5f-9212-a75e9718009d
10000651,fl:ts_ln:morita-5,ed9722a5-c905-4ae9-9210-08a542017582
10000645,fl:er_ln:sauar-1,3dd38c18-3556-43ef-8bc3-188ff2afae8e
10000216,fl:ro_ln:mariet-1,97ed5df6-7345-49c0-b1b8-42a1ec75baf1
10000552,fl:ha_ln:hu-26,d5ebeb23-9831-4c6b-9c34-0fb2395cc1a8
10000199,fl:ji_ln:zhang-343,761899f6-0ac9-4937-8574-812df5d3ab00
10000447,fl:ya_ln:tanaka-3,aff59855-e1cd-4810-b136-18c3a1a847bd
10000021,fl:ma_ln:takenami-2,6145eccf-2944-4bfc-8a82-e87bfce4d434
10000063,fl:sa_ln:oya-1,877b4262-7552-45e3-adc3-c484b3095cf3
10000419,fl:ch_ln:hung-180,e3275ff7-65e8-4f76-bd4d-db7033d48bdb
10000137,fl:to_ln:inoue-46,87bbd77e-54e0-4d95-9c1b-7843963c09eb
10000526,fl:er_ln:fischer-6,895aa595-0bdd-4437-91d0-a35695d4a7c0
10000452,fl:cy_ln:lichorowic-1,b7b2eabd-0875-449f-b04c-82b6b5bf6d81
10000738,fl:ji_ln:wang-1068,b23756fb-7ef6-42eb-b878-2c9148f97831
10000174,fl:yu_ln:sato-33,37c1ed9d-4dde-4045-8eab-583a112fcfbb
10000682,fl:he_ln:conn-1,187558cf-924c-4d78-a3c6-6143c2e8023d
10000047,fl:da_ln:liu-118,0a2ca7a5-d6b5-4061-bfc1-6c70bae2aaf6
10000377,fl:vi_ln:stavila-1,0f76066f-653e-4489-a56a-99c90bfffed4
10000162,fl:ju_ln:noh-24,ea96c059-5267-4b52-ac70-4cd0915c519e
10000439,fl:an_ln:levray-1,1a7ba982-b7ee-471c-813a-457839a13730
10000668,fl:ei_ln:imoto-2,aff59855-e1cd-4810-b136-18c3a1a847bd
10000450,fl:sa_ln:nakajima-1,15dab51e-5b68-4017-be03-a990ed1b392a
10000174,fl:ma_ln:okuhara-4,37c1ed9d-4dde-4045-8eab-583a112fcfbb
10000074,fl:ri_ln:fotland-1,d1097181-f21f-4cfa-995a-7f16d587ea4a
10000802,fl:th_ln:isaac-3,f71b5728-698a-4f20-8a7a-a2e7413ef123
10000695,fl:ch_ln:lee-413,533e0469-baac-46b7-9576-669db08092eb
10000616,fl:ka_ln:aoki-8,cce4e43c-b399-4555-9e34-908d78d906ef
10000617,fl:ch_ln:ho-504,6cccfcb4-1761-4afb-bd37-def24a3d1228
10000303,fl:ch_ln:malcolm-2,c5602ed1-50d4-4ebd-87b5-150e0997b172
10000355,fl:ic_ln:kubota-1,e738f13e-85d9-4790-a3a5-f56afc3b6fc1
10000607,fl:ju_ln:mitadera-1,0b6359d0-1aaf-4f40-99f1-b8ebcccd5dd7
10000468,fl:ho_ln:monenschein-1,8ff0736b-4451-4b45-a26a-9edf0d6c7638
10000807,fl:ke_ln:dages-1,3f3ca576-89e3-4667-b0e7-0d3978b40687
10000060,fl:sh_ln:watanabe-88,877b4262-7552-45e3-adc3-c484b3095cf3
10000446,fl:hu_ln:vandenbergen-1,7b3a3311-a503-4c38-8523-4041dc0bbe29
10000563,fl:sc_ln:presnell-1,4e13ad56-505e-4ed9-8e8d-d9593c9ccf73
10000594,fl:ch_ln:tso-16,d433d76d-e698-4711-aaad-63e1aebfb729
10000717,fl:jo_ln:mclellan-5,898a3069-7836-4817-b078-0a270550711b
10000450,fl:mu_ln:kurimura-2,15dab51e-5b68-4017-be03-a990ed1b392a
10000571,fl:ch_ln:wiesmann-1,b354988b-6671-409f-a03a-179009ca49d2
10000041,fl:al_ln:penaforte-1,23c78aca-f76f-47dc-b02a-427fb8adb6be
10000296,fl:ma_ln:seger-3,d67a2671-7ba2-4525-a2b4-c52e054ace9a
10000067,fl:no_ln:okada-22,5b0b2179-927c-48dd-a8ee-211adb1d7e7a
10000035,fl:gi_ln:blanchette-1,362446db-3f2c-46f3-866e-5fa0c12a1319
10000463,fl:ma_ln:okudo-1,b5ac98b7-7d2d-4a11-88f2-7dbae02fd5b9
10000050,fl:di_ln:elbracht-2,ff6a0dd6-ce8a-40db-91a8-6e93655b3a73
10000712,fl:wi_ln:tracy-1,898a3069-7836-4817-b078-0a270550711b
10000449,fl:je_ln:martinsson-1,db8db963-cc59-44ec-b4b4-0b6fc768d731
10000512,fl:ha_ln:liu-9,b3e4bd70-b057-4575-aaaf-e665803cde2a
10000726,fl:yv_ln:killeen-1,6ca11cca-066f-4f69-990a-dafa1665ef9d
10000738,fl:zu_ln:wu-8,b23756fb-7ef6-42eb-b878-2c9148f97831
10000765,fl:ts_ln:tanaka-8,94322301-cd60-49cb-85db-fd6c00b43412
10000759,fl:fr_ln:dumortier-2,bb7a562d-81d6-440b-be21-36aab9c0f5e4
10000420,fl:ch_ln:hong-57,05fb44e9-52ed-4e34-8473-d10394362cfc
10000609,fl:ma_ln:uruno-2,5e7e9fff-05ba-4428-83ce-942d092a6787
10000556,fl:vi_ln:parreno-1,c909cb45-8f99-4ef2-8cbd-f57bcbbcd3f4
10000695,fl:ji_ln:you-48,533e0469-baac-46b7-9576-669db08092eb
10000197,fl:su_ln:varigonda-1,e7dc6a46-5a07-45ec-87b6-8a113ab02e99
10000535,fl:re_ln:mukherjee-1,4bfd9d83-10ab-4b46-b0b3-cb7f0ed81393
10000400,fl:ch_ln:borchard-2,f2d1479b-0745-4dc6-be27-134e1b3e11b8
10000795,fl:hy_ln:birnboim-1,35cbff16-2d8e-49b7-be85-60051ad41f95
10000802,fl:ca_ln:frayling-1,f71b5728-698a-4f20-8a7a-a2e7413ef123
10000379,fl:ru_ln:smit-1,4f87fefb-2763-4236-ab35-57bee381a0fd
10000119,fl:br_ln:goethe-1,
10000796,fl:ga_ln:nolan-3,ccd8d314-8428-4369-a07a-f303224a173a
10000521,fl:da_ln:taggart-5,af5c1081-2d5b-4ea8-8675-beb0164749e7
10000556,fl:lo_ln:garaicoechea-1,c909cb45-8f99-4ef2-8cbd-f57bcbbcd3f4
10000629,fl:yo_ln:yamauchi-15,b02cbf00-9362-48b9-ab48-b6aa7d1dce0a
10000162,fl:yo_ln:kim-996,ea96c059-5267-4b52-ac70-4cd0915c519e
10000730,fl:jo_ln:malcolm-7,2d523d75-71da-4e61-bb37-8fe3a9129e23
10000537,fl:ar_ln:driessen-1,8b8145db-7813-4fb1-9348-fadc8dc80042
10000547,fl:je_ln:fritsche-1,24770c94-7830-432d-94ef-bfa28775b740
10000656,fl:sh_ln:harada-34,5b0b2179-927c-48dd-a8ee-211adb1d7e7a
10000389,fl:fr_ln:baczek-1,dbaeafee-078a-43e7-9af4-47a39bb94118
10000279,fl:wi_ln:luce-1,e6c47bb5-1ef6-4293-b853-afad0b4e8a13
10000617,fl:mi_ln:chang-137,6cccfcb4-1761-4afb-bd37-def24a3d1228
10000029,fl:hi_ln:miyata-24,0cce7bd8-2978-4a18-b5aa-b0421f6c306e
10000564,fl:an_ln:murphy-5,db486af5-960d-4fc8-ad72-e5afc4674bba
10000487,fl:se_ln:reich-1,741cd94c-f327-43e1-96bc-a576e560b921
10000271,fl:he_ln:benthien-3,ff6a0dd6-ce8a-40db-91a8-6e93655b3a73
10000662,fl:gi_ln:hochstetter-1,1a7ba982-b7ee-471c-813a-457839a13730
10000068,fl:da_ln:fujiwara-4,03e1fca1-350a-41b3-8ce6-add7ac02372e
10000665,fl:fu_ln:kita-3,26bf7fa7-3704-4263-b7d8-33206935e460
10000072,fl:yo_ln:akao-1,a8a1556f-5686-4632-bbcd-097dad687c6d
10000507,fl:ha_ln:ye-2,72acc50f-79a9-4681-9edd-d2163febe47c
10000205,fl:hi_ln:kawashima-31,cb5367eb-ebac-459a-b013-d92860572522
10000630,fl:ke_ln:taylor-47,4ece8167-3ed4-486b-8400-ca5941df86dd
10000609,fl:ke_ln:takahashi-28,5e7e9fff-05ba-4428-83ce-942d092a6787
10000513,fl:gu_ln:turkoglu-1,f4534d68-58ee-4607-947c-d8b77375e377
10000439,fl:co_ln:graire-1,1a7ba982-b7ee-471c-813a-457839a13730
10000608,fl:ha_ln:ying-1,25a3778b-47e4-402e-b188-d941c7e3c397
10000298,fl:ma_ln:desjardien-1,d741637e-71a6-4101-a7db-0c2ba20a2958
10000501,fl:vi_ln:colandrea-4,5ed35e81-c079-4e8d-81c8-66eb133562c3
10000511,fl:ni_ln:cohen-6,f324b245-d9ee-4285-bd81-177d87354b40
10000052,fl:sa_ln:badesha-1,4840cedc-7dcd-4aa9-9d62-ee877f7ef128
10000622,fl:sy_ln:miura-1,135778b4-1533-474d-adb6-e1bd09ee42ee
10000057,fl:ya_ln:shemesh-1,da679ce6-cd5e-49ae-bb53-2690e30de4ef
10000651,fl:ma_ln:moriwaki-3,ed9722a5-c905-4ae9-9210-08a542017582
10000064,fl:ki_ln:katsuki-1,877b4262-7552-45e3-adc3-c484b3095cf3
10000104,fl:sc_ln:dunaway-1,1f99e6e5-1de9-49ae-b056-ddd9612c0747
10000132,fl:ma_ln:malone-2,8a03b7d9-0444-4dfc-9737-bf029c47a462
10000809,fl:sh_ln:keshavjee-1,9711eee5-6945-4a40-9716-6deced1f2bc6
10000383,fl:ya_ln:yagi-2,d5c16d3b-fe6d-438f-a46a-eed9d9a6b3b1
10000590,fl:mi_ln:matson-2,d433d76d-e698-4711-aaad-63e1aebfb729
10000558,fl:st_ln:ma-6,4b3d77c4-e206-445c-a007-3dbb36ea4787
10000019,fl:ni_ln:room-1,d741637e-71a6-4101-a7db-0c2ba20a2958
10000652,fl:zh_ln:zhang-75,
10000118,fl:at_ln:mori-10,cb5367eb-ebac-459a-b013-d92860572522
10000594,fl:ma_ln:hlavinka-1,d433d76d-e698-4711-aaad-63e1aebfb729
10000102,fl:th_ln:brock-3,f94290bc-7c0d-49af-9797-828af77eb9c7
10000437,fl:bi_ln:su-1,b34f726f-c6f5-4e9c-b39b-3be08fd1e36a
10000148,fl:mi_ln:haynes-1,
10000432,fl:ei_ln:negishi-2,4e61fd34-7bff-47a0-a2e1-edb2b7b4826b
10000223,fl:ri_ln:moeller-4,093f35cb-2361-4acc-a8e4-a1b40112a5d1
10000646,fl:pi_ln:lai-11,5528e5b8-525d-4777-ab7d-d9f5880f6e52
10000765,fl:hi_ln:saika-2,94322301-cd60-49cb-85db-fd6c00b43412
10000566,fl:ma_ln:hoffee-1,e7e4d72b-6af5-4560-9108-0d3da98cfdf2
10000476,fl:ta_ln:yamada-57,0ae2b86d-756f-4802-b90e-468c0c68d012
10000118,fl:ka_ln:ogawa-58,cb5367eb-ebac-459a-b013-d92860572522
10000703,fl:sc_ln:johnstone-4,2a4051c0-c1ef-4941-8d7b-8e685e02acb9
10000161,fl:jo_ln:hemphill-2,8a03b7d9-0444-4dfc-9737-bf029c47a462
10000435,dx9qmm8mk3rde0t9214vlv4cg,41a2bf1a-8afe-4b78-a2c7-040ac6a9987a
10000582,fl:ke_ln:healy-4,6ce04dde-f383-4923-8798-780d1a608ed6
10000520,fl:ph_ln:redpath-1,ce74c071-8b39-4153-83bb-1bd917309b45
10000323,fl:aa_ln:bentz-1,8eb00c93-9cd7-4da7-9dae-7fa84fbbd6f0
10000355,fl:ta_ln:nakano-48,e738f13e-85d9-4790-a3a5-f56afc3b6fc1
10000209,fl:ya_ln:takaso-1,3ea2dc97-f5aa-4931-a0d1-73f5370f56ce
10000452,fl:ra_ln:neelarapu-2,b7b2eabd-0875-449f-b04c-82b6b5bf6d81
10000005,fl:ke_ln:katou-9,32e04930-7fff-4c0c-a861-989689853f13
10000102,fl:ja_ln:nolte-2,f94290bc-7c0d-49af-9797-828af77eb9c7
10000734,fl:te_ln:satomaa-1,6710c4d3-5aad-4b5f-9212-a75e9718009d
10000678,fl:ma_ln:yoldisanguesa-1,99928270-7dc0-4b85-b68d-bbe3c7d87620
10000810,fl:ma_ln:beier-2,af531edf-ea9a-482d-8487-c9000a04e914
10000510,fl:yo_ln:hwang-1,5ed35e81-c079-4e8d-81c8-66eb133562c3
10000613,fl:dm_ln:fomitchev-1,d0fae399-ca75-40ad-8d3d-c2fadfae99f7
10000578,fl:st_ln:rowan-3,41c3267b-83f3-4289-b411-e75085a6e236
10000025,fl:ma_ln:kismarton-1,d741637e-71a6-4101-a7db-0c2ba20a2958
10000329,fl:mi_ln:houlding-1,3d3e5d35-7538-4a92-9a4b-79abd0d5b03f
10000710,fl:te_ln:xu-4,8aab048f-9515-4287-8343-b7fd26758cf5
10000253,fl:to_ln:tetsuka-3,222264bc-5220-40eb-8a6e-a2d1088af14f
10000681,fl:ph_ln:livanec-2,0ed3b5da-e166-4ce8-bb57-768914cc7e2e
10000744,fl:av_ln:slovic-1,0337ccd2-8584-41d2-a789-a31f83a09a57
10000696,fl:sa_ln:kuretake-1,328434ce-a701-4c29-8aef-e9a7d3722319
10000411,fl:ke_ln:burrows-4,95838abe-68dc-4b13-aada-c72b2ad13949
10000174,fl:ko_ln:kawamura-12,37c1ed9d-4dde-4045-8eab-583a112fcfbb
10000554,fl:ki_ln:sekiguchi-2,486914ea-74ad-4f84-afad-74f5cdf28b4a
10000655,fl:ye_ln:chang-63,fd3b4ed9-fb12-4866-9885-282c43154b89
10000802,fl:bo_ln:breiner-1,f71b5728-698a-4f20-8a7a-a2e7413ef123
10000059,fl:yo_ln:kondo-49,877b4262-7552-45e3-adc3-c484b3095cf3
10000796,fl:yu_ln:goltsev-2,ccd8d314-8428-4369-a07a-f303224a173a
10000177,fl:ru_ln:mihm-1,191ae722-cdec-4e8f-86f4-55678ceaff11
10000413,ebqdbx485j2gxbvqepadmt9gv,e3275ff7-65e8-4f76-bd4d-db7033d48bdb
10000538,fl:je_ln:carnessanchez-2,2a1f7c66-5af2-48ad-b98b-099bd1e78f7c
10000110,fl:yo_ln:kim-352,79e4fd67-e4fe-4c76-b62d-9a360beeceb1
10000219,fl:ma_ln:kroiss-1,f68061b9-5827-43c8-8f62-33cae08b6d16
10000023,fl:al_ln:shkolnik-1,56e10b26-c03b-4492-893c-975d51dda8b7
10000074,fl:om_ln:gila-1,d1097181-f21f-4cfa-995a-7f16d587ea4a
10000495,fl:an_ln:campbell-1,5bc880cc-b613-492d-9697-5dfbe999254a
10000701,fl:sh_ln:yukawa-2,65201550-2431-487e-9211-a0ed5fe16631
10000465,fl:ma_ln:behnke-3,56d31b59-a481-484b-aa34-04f67a96f3f5
10000629,fl:hi_ln:ozawa-28,b02cbf00-9362-48b9-ab48-b6aa7d1dce0a
10000573,fl:ro_ln:rodriguez-13,846ef848-d2a5-4f29-a152-0b79330db52a
10000736,fl:an_ln:wallgren-3,5f0411fc-bc87-4afe-825f-d5d97570daec
10000805,fl:jo_ln:korlach-1,bcb5216e-a621-4c83-b12a-355d7ad3d3a8
10000507,fl:ch_ln:xue-2,72acc50f-79a9-4681-9edd-d2163febe47c
10000771,fl:da_ln:chuderland-1,affc2208-5f2a-4cd6-af73-3494714621a8
10000664,fl:hi_ln:wakayama-5,65201550-2431-487e-9211-a0ed5fe16631
10000759,fl:jo_ln:thevelein-1,bb7a562d-81d6-440b-be21-36aab9c0f5e4
10000179,fl:sh_ln:hayakawa-19,a9fb0e97-631f-47e1-97a2-4d1dc139e34f
10000764,fl:ch_ln:ohto-2,87bbd77e-54e0-4d95-9c1b-7843963c09eb
10000366,fl:ja_ln:hubbard-8,80cfee41-71d4-4cda-8abb-4075fd768b44
10000647,fl:yu_ln:kawaharada-2,ed9722a5-c905-4ae9-9210-08a542017582
10000199,fl:do_ln:yang-133,761899f6-0ac9-4937-8574-812df5d3ab00
10000480,fl:am_ln:kumar-22,2ebba3c5-ebc0-4f3b-b91b-262d86c832e1
10000699,fl:ur_ln:banin-1,fb3292e6-a6fc-48ad-b6b6-5f277bd659ba
10000036,fl:ke_ln:jordan-8,ca3ac0a6-f44b-45c7-8816-bc2b1d409e84
10000462,fl:se_ln:lim-45,533e0469-baac-46b7-9576-669db08092eb
10000493,fl:ho_ln:tsui-4,26d14adb-bc28-44da-a695-0f5d155de867
10000185,fl:pa_ln:gorecki-1,2c48569d-7d8e-4c0a-9921-7c1b9c2003b5
10000667,fl:ka_ln:minomo-1,a8fd3500-dbf0-4445-a810-ea9a275afdbd
10000437,fl:xi_ln:wang-503,b34f726f-c6f5-4e9c-b39b-3be08fd1e36a
10000567,fl:sa_ln:samira-1,8fc2f2c2-3db9-40e7-a7b2-41b0c57c5207
10000431,fl:da_ln:merkel-2,1b7df2b5-6ba8-45e7-978f-a91d69bf49be
10000594,fl:yo_ln:inn-1,d433d76d-e698-4711-aaad-63e1aebfb729
10000083,fl:ke_ln:hirai-2,f0be634a-e05d-473c-85a4-d92cc977cd76
10000001,fl:su_ln:lee-252,c7fdbc77-28f0-4a1c-9f08-c13171f1009c
10000423,fl:th_ln:spann-1,107b2e7c-f2e6-4bae-b321-be71f128ada7
10000553,fl:ro_ln:herbst-1,8cc2701d-1308-41bb-89f3-d80d97cf4321
10000019,fl:ma_ln:vargas-1,d741637e-71a6-4101-a7db-0c2ba20a2958
10000556,fl:an_ln:aguilar-8,c909cb45-8f99-4ef2-8cbd-f57bcbbcd3f4
10000450,fl:ta_ln:masumoto-1,15dab51e-5b68-4017-be03-a990ed1b392a
10000630,fl:p_ln:chisholm-1,4ece8167-3ed4-486b-8400-ca5941df86dd
10000070,fl:ak_ln:katsumata-5,7abcc22b-1633-49ae-a452-167e99701da1
10000699,fl:as_ln:aharoni-2,fb3292e6-a6fc-48ad-b6b6-5f277bd659ba
10000246,fl:an_ln:schmitt-11,8bf34cb9-024e-465b-8b08-bd89d90682ad
10000472,fl:da_ln:dabideen-2,0cf48b4e-7fb2-4718-bc4b-f9316db9d8bd
10000738,fl:we_ln:an-1,b23756fb-7ef6-42eb-b878-2c9148f97831
10000612,fl:ro_ln:grosz-2,d0fae399-ca75-40ad-8d3d-c2fadfae99f7
10000355,fl:hi_ln:kubota-47,e738f13e-85d9-4790-a3a5-f56afc3b6fc1
10000772,fl:em_ln:charpentier-2,6ce04dde-f383-4923-8798-780d1a608ed6
10000253,fl:sh_ln:mori-53,222264bc-5220-40eb-8a6e-a2d1088af14f
10000459,fl:gr_ln:beaton-1,d78de1dd-210b-4044-b82f-0b9079527a17
10000801,fl:la_ln:bi-1,1b078ccb-5c57-498a-ab56-5f05a970d760
10000508,fl:fu_ln:ikarashi-2,b61e22a3-4786-4308-aa49-7cbde59501c9
10000623,fl:kh_ln:chakraborty-1,7540ab46-c5b6-49ce-acae-6418bce31b64
10000121,fl:ma_ln:oberpriller-1,2576d873-c6b3-4109-948d-cc582495abb4
10000452,fl:ro_ln:manetsch-1,b7b2eabd-0875-449f-b04c-82b6b5bf6d81
10000507,fl:so_ln:mei-2,72acc50f-79a9-4681-9edd-d2163febe47c
10000190,fl:mi_ln:hoshi-3,74c11be2-20ec-49fe-ac26-d839d375bd32
10000804,fl:pa_ln:deshpande-4,c7c7681d-1d55-4cb0-8171-2bbe9f4b237c
10000470,fl:ch_ln:li-745,9c1ff8bc-4516-42cc-8c52-bd100f68f2ac
10000359,fl:tu_ln:dam-2,
10000534,fl:eu_ln:lee-41,1c61d0a1-2219-4521-8f7c-e7ebf38a684b
10000798,fl:jo_ln:williams-46,bcb5216e-a621-4c83-b12a-355d7ad3d3a8
10000483,fl:qi_ln:liu-16,f324b245-d9ee-4285-bd81-177d87354b40
10000335,fl:st_ln:bisio-1,02e942f4-5e23-4a94-b07c-708aad6333ff
10000723,fl:jo_ln:connolly-14,1eb4a43d-8330-47b5-ae3e-322d9db88d80
10000128,fl:ch_ln:outwater-1,3229dd75-9405-4047-afee-965c3bf05ce0
10000276,fl:mi_ln:li-201,5211a637-a7c4-4080-9d63-e1e7fd8306aa
10000735,fl:wo_ln:jung-76,de395345-1ff2-45f5-8be1-90ef35ade92e
10000463,fl:hi_ln:matsunaga-1,b5ac98b7-7d2d-4a11-88f2-7dbae02fd5b9
10000144,fl:cl_ln:zamorano-1,bd1dc09e-e55d-4d1b-a297-f511767d5be6
10000690,fl:di_ln:chatterjee-4,0ed3b5da-e166-4ce8-bb57-768914cc7e2e
10000049,fl:mi_ln:defillipi-1,1481abde-b340-42ae-9b11-c1e4b18f5a9c
10000738,fl:yi_ln:xie-98,b23756fb-7ef6-42eb-b878-2c9148f97831
10000354,fl:yo_ln:washino-1,1548fb30-bae7-4aba-80da-e3dcf01b390b
10000767,fl:mi_ln:crawford-13,76bfedeb-c249-4c5a-9fb1-87c5a5ae43a0
10000362,fl:ay_ln:nagata-4,74c11be2-20ec-49fe-ac26-d839d375bd32
10000281,fl:lo_ln:delorme-1,62e9f5ad-a914-451e-b056-8de4e9d3f8b7
10000002,fl:si_ln:kim-38,5b722cc6-9d8f-46bd-83cb-7838a17e5201
10000688,fl:he_ln:dirkzwager-2,4f87fefb-2763-4236-ab35-57bee381a0fd
10000264,fl:ia_ln:sheard-1,
10000639,fl:to_ln:aindow-1,99b27958-5274-4288-9c63-efe52815fb75
10000184,fl:yu_ln:nagata-20,74c11be2-20ec-49fe-ac26-d839d375bd32
10000315,fl:tr_ln:faris-1,
10000734,fl:ja_ln:laine-2,6710c4d3-5aad-4b5f-9212-a75e9718009d
10000337,fl:ro_ln:stadie-1,16f24e7b-4b22-4101-a205-9c1f259c4511
10000171,fl:ra_ln:rethinam-2,8a03b7d9-0444-4dfc-9737-bf029c47a462
10000720,fl:ac_ln:feenbecker-1,d6f138ea-5fbc-4de0-b58f-9080a787105f
10000238,fl:da_ln:kern-12,2666ac0d-d5ad-4346-97de-acec7e230a94
10000255,fl:to_ln:yamamoto-20,222264bc-5220-40eb-8a6e-a2d1088af14f
10000425,fl:je_ln:lecostaouec-1,e6c47bb5-1ef6-4293-b853-afad0b4e8a13
10000646,fl:ye_ln:chen-20,5528e5b8-525d-4777-ab7d-d9f5880f6e52
10000342,fl:ad_ln:lopezsanchez-1,78af88b3-f07b-44af-aa34-73ef0c20e87f
10000705,fl:ga_ln:reisen-1,ca3eedcb-292b-495c-8f04-81e3aa3b4a78
10000736,fl:be_ln:andersson-12,5f0411fc-bc87-4afe-825f-d5d97570daec
10000515,fl:hi_ln:nagashima-4,c13d7573-c5e5-4622-8a6f-dc727383c685
10000040,fl:jo_ln:meirlaen-1,735c04b8-c899-4bd5-ab68-049cedd2bdb4
10000131,fl:ma_ln:mcnally-9,e8b67fe0-3270-4226-bfe1-37520a8b1ffa
10000307,fl:jo_ln:fisher-32,b732b2a1-190c-44ba-b24c-685ff9e4ef90
10000321,fl:je_ln:jacobs-18,d529987e-1cd9-4a30-ae1a-284ec1d6bfad
10000484,fl:fa_ln:ding-1,5ed35e81-c079-4e8d-81c8-66eb133562c3
10000090,fl:is_ln:kuwayama-1,5f91f492-1976-4ca8-81b1-044d8485c1b3
10000021,fl:sa_ln:abe-7,6145eccf-2944-4bfc-8a82-e87bfce4d434
10000613,fl:wi_ln:williams-18,d0fae399-ca75-40ad-8d3d-c2fadfae99f7
10000086,fl:gu_ln:peleman-1,54f53184-4234-42ab-9de6-1966314c0b7c
10000543,fl:na_ln:geething-1,02f21059-f8cc-4f7e-9cee-ecfd35bdb268
10000439,fl:ma_ln:esch-1,1a7ba982-b7ee-471c-813a-457839a13730
10000230,fl:re_ln:lucas-1,c51bb3a2-f656-4229-9294-3320111781d5
10000663,fl:da_ln:jammer-2,
10000709,fl:fr_ln:parsche-1,91896e66-dfbb-4c89-8418-a0d710026e1c
10000138,fl:hi_ln:tanaka-57,3ea2dc97-f5aa-4931-a0d1-73f5370f56ce
10000037,fl:sh_ln:ohkawara-1,2d98cfae-83e2-4f9f-b7c4-92b52fab8e9b
10000144,fl:cr_ln:junge-1,bd1dc09e-e55d-4d1b-a297-f511767d5be6
10000645,fl:br_ln:hardin-1,3dd38c18-3556-43ef-8bc3-188ff2afae8e
10000499,fl:ja_ln:skudlarek-1,5ed35e81-c079-4e8d-81c8-66eb133562c3
10000680,fl:ke_ln:messing-1,cb679c87-4fbf-4b54-8498-c6710a0997b6
10000656,fl:ka_ln:nagai-13,5b0b2179-927c-48dd-a8ee-211adb1d7e7a
10000410,fl:ma_ln:dejneka-1,cb611b09-7b38-4e94-bbe5-e2abf0385bd3
10000112,fl:kr_ln:warmann-1,8a03b7d9-0444-4dfc-9737-bf029c47a462
10000191,fl:we_ln:quirant-1,1c631b96-8301-4819-bd8c-2e69e2ef6c76
10000662,fl:pi_ln:nogues-1,1a7ba982-b7ee-471c-813a-457839a13730
10000150,fl:sa_ln:kikuchi-16,3540c8a2-9758-4484-b21a-1fb0a0d19963
10000764,fl:to_ln:koyama-1,87bbd77e-54e0-4d95-9c1b-7843963c09eb
10000559,fl:xu_ln:liu-30,05f6e24d-a0e1-4255-bb84-4c33da23ddda
10000739,fl:sh_ln:kume-4,fad804ce-646a-4c2b-96a5-eea7d3bf5038
10000331,fl:ar_ln:dauendorffer-1,5d4f358a-1d7b-49f2-b132-6bb9c2cfd725
10000038,fl:no_ln:mukai-13,c9304d60-0b6d-46d3-a7b2-50ee84137bee
10000754,fl:le_ln:beigelman-2,72ea371c-6a23-496e-b1fc-cd9397a0cfe7
10000617,fl:me_ln:huang-89,6cccfcb4-1761-4afb-bd37-def24a3d1228
10000210,fl:ak_ln:watanabe-30,3ea2dc97-f5aa-4931-a0d1-73f5370f56ce
10000154,fl:ma_ln:ghneim-1,8a03b7d9-0444-4dfc-9737-bf029c47a462
10000141,fl:ky_ln:lee-352,ea96c059-5267-4b52-ac70-4cd0915c519e
10000714,fl:ly_ln:irving-1,e00b66ac-406f-4265-b055-7c896e835636
10000735,fl:mi_ln:oh-23,de395345-1ff2-45f5-8be1-90ef35ade92e
10000638,fl:ha_ln:chandra-1,
10000619,fl:ju_ln:terada-1,cce4e43c-b399-4555-9e34-908d78d906ef
10000010,fl:br_ln:hanna-6,4840cedc-7dcd-4aa9-9d62-ee877f7ef128
10000104,fl:da_ln:blankenship-2,1f99e6e5-1de9-49ae-b056-ddd9612c0747
10000309,fl:ja_ln:carmichael-5,3bfeb832-4c94-42b8-90e0-bcfb56eb7bc4
10000565,fl:to_ln:thuren-1,0d463191-c5a9-497d-8037-4d6a85a6c5b2
10000726,fl:vi_ln:man-1,6ca11cca-066f-4f69-990a-dafa1665ef9d
10000447,fl:ri_ln:witte-1,aff59855-e1cd-4810-b136-18c3a1a847bd
10000731,fl:ra_ln:masri-1,030289c2-9373-4c97-a742-40a5de39cbd7
10000674,fl:kl_ln:bernreitner-1,3e12a65b-6581-4c1b-be54-ea9bbca3b551
10000498,fl:al_ln:gangjee-1,4534cf12-5295-41d5-9fec-f8b78a2a1087
10000100,fl:da_ln:weston-7,6a78a37f-23b8-469a-b1d6-698af50f766d
10000495,fl:mi_ln:wang-31,5bc880cc-b613-492d-9697-5dfbe999254a
10000677,fl:sc_ln:culler-1,681bb272-dacd-4789-b8d1-1c43e9ed8fbf
10000463,fl:sh_ln:ushiyama-2,b5ac98b7-7d2d-4a11-88f2-7dbae02fd5b9
10000789,fl:ra_ln:vowcicefski-1,739b2596-cdf8-411e-a922-bd8781f55373
10000424,fl:pa_ln:tepesch-1,cb611b09-7b38-4e94-bbe5-e2abf0385bd3
10000539,fl:ol_ln:schoor-1,c3a5cc28-8840-4deb-8a32-342a07fea443
10000080,fl:xa_ln:farinavargas-1,d1097181-f21f-4cfa-995a-7f16d587ea4a
10000656,fl:ak_ln:sabu-2,5b0b2179-927c-48dd-a8ee-211adb1d7e7a
10000734,fl:ja_ln:natunen-1,6710c4d3-5aad-4b5f-9212-a75e9718009d
10000490,fl:ne_ln:bifulco-1,6a83f076-7e5d-4134-a899-95970c847778
10000706,fl:ed_ln:yajure-1,4ece8167-3ed4-486b-8400-ca5941df86dd
10000020,fl:er_ln:ruiz-1,4840cedc-7dcd-4aa9-9d62-ee877f7ef128
10000272,fl:pa_ln:cojocaru-1,d79a06a7-fbdc-4bbe-b42b-acf5f1c90544
10000469,gfvcjh9zv5j47kcoiumwmkgf9,62da1b57-3b57-4131-9a22-c4e02485bc35
10000120,fl:da_ln:kobayashi-9,1647337d-4cd1-4e91-9167-aea8ba78dee6
10000544,fl:ar_ln:krishnan-4,c852a47e-f542-4c47-acd0-0020449e171f
10000684,fl:fa_ln:liu-15,503c6719-6f12-40b8-825b-d2a33b369db2
10000114,fl:an_ln:rohr-5,f8408e94-960d-4f83-827e-deaa1d63d9d6
10000219,fl:ha_ln:peer-1,f68061b9-5827-43c8-8f62-33cae08b6d16
10000129,fl:br_ln:dunlap-4,8a03b7d9-0444-4dfc-9737-bf029c47a462
10000409,fl:do_ln:noni-1,cb611b09-7b38-4e94-bbe5-e2abf0385bd3
10000576,fl:er_ln:escobarcabrera-1,96b3a56a-e999-4c36-8416-3937d7a3c958
10000725,fl:me_ln:hunter-2,6ca11cca-066f-4f69-990a-dafa1665ef9d
10000773,fl:fa_ln:deguerry-1,eef68cc9-5c36-4203-9968-97cd715613d5
10000748,fl:pe_ln:milanov-1,bdc353b5-11b6-46a0-9bc8-b531f9ddcc96
10000363,fl:to_ln:gralewski-1,6be695ff-f0db-448c-a2d3-042ab3283b97
10000216,fl:br_ln:cullinane-1,97ed5df6-7345-49c0-b1b8-42a1ec75baf1
10000430,fl:lu_ln:wolff-3,55054898-6f4b-4846-95d5-6435aece606f
10000559,fl:ma_ln:mercken-2,05f6e24d-a0e1-4255-bb84-4c33da23ddda
10000506,fl:ho_ln:sun-40,e0f1ff12-ec1b-436b-8bf9-e723858e8a6a
10000039,fl:ya_ln:farhoudi-1,04a61266-6d17-4d03-9179-b30f925e473d
10000007,fl:co_ln:dickert-1,5f83d790-2a6a-421e-8d6c-6da6e6869187
10000663,fl:jo_ln:labock-1,
10000366,fl:ha_ln:terry-2,80cfee41-71d4-4cda-8abb-4075fd768b44
10000648,fl:ey_ln:cohen-5,da679ce6-cd5e-49ae-bb53-2690e30de4ef
10000192,fl:ke_ln:lee-171,ad7af80f-fd53-482d-b38a-fc23e03332b4
10000753,fl:sh_ln:kao-41,625e454f-d5ae-47e7-8309-6e2f4e2b19d6
10000355,fl:hi_ln:sorita-2,e738f13e-85d9-4790-a3a5-f56afc3b6fc1
10000730,fl:sh_ln:byers-1,2d523d75-71da-4e61-bb37-8fe3a9129e23
10000695,fl:ta_ln:kim-158,533e0469-baac-46b7-9576-669db08092eb
10000332,fl:ni_ln:buckley-2,e5525ef5-e05a-4eb8-8947-d38322da6fd4
10000340,fl:wi_ln:hart-12,
10000469,fl:ti_ln:haystead-1,62da1b57-3b57-4131-9a22-c4e02485bc35
10000508,fl:ka_ln:okamoto-29,b61e22a3-4786-4308-aa49-7cbde59501c9
10000761,fl:hu_ln:qiao-4,29952cab-11e9-412f-bca5-735599328a40
10000480,fl:do_ln:batt-1,2ebba3c5-ebc0-4f3b-b91b-262d86c832e1
10000196,fl:gw_ln:du-2,ea96c059-5267-4b52-ac70-4cd0915c519e
10000125,fl:de_ln:choi-4,2994b4fb-3c48-4a0f-88b7-08fdfcd4739a
10000312,fl:da_ln:hana-1,
10000355,fl:ka_ln:kubota-19,e738f13e-85d9-4790-a3a5-f56afc3b6fc1
10000332,fl:ha_ln:roth-5,e5525ef5-e05a-4eb8-8947-d38322da6fd4
10000633,fl:ta_ln:sunaga-4,a559efa2-06e6-4dcd-8137-fc09a24dbb4e
10000014,fl:di_ln:scherzer-1,d6f138ea-5fbc-4de0-b58f-9080a787105f
10000450,fl:ju_ln:yamashita-1,15dab51e-5b68-4017-be03-a990ed1b392a
10000502,fl:zh_ln:zhang-802,0c160b17-3bc0-4935-9b42-d7efae1f7a94
10000308,fl:ja_ln:kelso-1,754f7b41-7838-44a2-8142-f6f4f59425cb
10000684,fl:xi_ln:li-103,503c6719-6f12-40b8-825b-d2a33b369db2
10000389,fl:ca_ln:eyzaguirre-1,dbaeafee-078a-43e7-9af4-47a39bb94118
10000400,fl:st_ln:samudio-1,f2d1479b-0745-4dc6-be27-134e1b3e11b8
10000468,fl:st_ln:hitchcock-2,8ff0736b-4451-4b45-a26a-9edf0d6c7638
10000035,fl:st_ln:correa-1,362446db-3f2c-46f3-866e-5fa0c12a1319
10000072,fl:te_ln:kunifuji-1,a8a1556f-5686-4632-bbcd-097dad687c6d
10000518,fl:li_ln:wickstrom-1,28f7bd36-5469-43fe-b4e1-539d97102a02
10000659,fl:ma_ln:lang-35,13a2da2e-018f-4663-88ac-eabcea75cef4
10000044,fl:sa_ln:marcarino-1,d95cf81a-2270-41a7-ba3b-8cbc3f8be0cf
10000477,fl:te_ln:semeraro-1,5f8b77e1-5974-453f-81be-f4a477a8495e
10000793,fl:sv_ln:avlasevich-1,a72a0b17-258c-4af4-9876-d45d4182c9cb
10000669,fl:ka_ln:ruhnau-2,281349cc-c2ed-4d43-8b24-0c15275d37d8
10000533,fl:ha_ln:rammensee-2,c3a5cc28-8840-4deb-8a32-342a07fea443
10000075,fl:jo_ln:duffield-4,4691872b-68a6-4a4f-b9a9-95c5df540cf2
10000063,fl:hi_ln:ozeki-4,877b4262-7552-45e3-adc3-c484b3095cf3
10000591,fl:au_ln:batinasgeurts-1,7ff46aad-920a-4a06-97cb-791a4cd70773
10000514,fl:ju_ln:choi-111,35480b43-47f5-4c66-b16b-64e441db4ce0
10000515,fl:da_ln:noda-1,c13d7573-c5e5-4622-8a6f-dc727383c685
10000541,fl:xi_ln:huang-42,d5ebeb23-9831-4c6b-9c34-0fb2395cc1a8
10000769,fl:an_ln:abad-2,df177dc9-2bab-4962-a377-7bc58538742c
10000248,fl:ju_ln:urata-1,b527909c-4c06-4196-a8f5-3d0c3301fb69
10000593,fl:da_ln:sanders-15,8aab048f-9515-4287-8343-b7fd26758cf5
10000553,fl:an_ln:coyle-2,8cc2701d-1308-41bb-89f3-d80d97cf4321
10000527,fl:ja_ln:divse-1,e4d9f323-acf9-4a0b-adbc-81c1c2f2e6ab
10000508,fl:mo_ln:masui-1,b61e22a3-4786-4308-aa49-7cbde59501c9
10000371,fl:ma_ln:kobayashi-60,5425d74b-0e26-4496-9dd4-669ba665d248
10000122,fl:an_ln:wellner-1,f68061b9-5827-43c8-8f62-33cae08b6d16
10000186,fl:ma_ln:rao-32,8a03b7d9-0444-4dfc-9737-bf029c47a462
10000289,fl:le_ln:fernandes-4,76b79e1b-95a7-4b16-b2a4-e6c64a1c334b
10000159,fl:ry_ln:welch-4,8a03b7d9-0444-4dfc-9737-bf029c47a462
10000288,fl:da_ln:udriste-2,79b7e1b7-26f6-4881-bffc-f8ab73102a2c
10000595,fl:ca_ln:cruz-4,d433d76d-e698-4711-aaad-63e1aebfb729
10000454,fl:bi_ln:hu-6,5ed35e81-c079-4e8d-81c8-66eb133562c3
10000780,fl:an_ln:margeot-1,55054898-6f4b-4846-95d5-6435aece606f
10000561,fl:je_ln:rondeau-1,0d463191-c5a9-497d-8037-4d6a85a6c5b2
10000677,fl:jo_ln:boden-2,681bb272-dacd-4789-b8d1-1c43e9ed8fbf
10000205,fl:ta_ln:aizawa-14,cb5367eb-ebac-459a-b013-d92860572522
10000386,fl:ta_ln:nagahara-10,26bf7fa7-3704-4263-b7d8-33206935e460
10000553,fl:lu_ln:grinberg-1,8cc2701d-1308-41bb-89f3-d80d97cf4321
10000198,fl:ko_ln:watanabe-31,87bbd77e-54e0-4d95-9c1b-7843963c09eb
10000144,fl:be_ln:vera-2,bd1dc09e-e55d-4d1b-a297-f511767d5be6
10000610,fl:yi_ln:he-124,1b606c63-f004-4846-8e11-d819cee5029a
10000666,fl:ch_ln:hawkins-14,460e5eaf-db8a-422b-bfe3-f51dbc1f1670
10000738,fl:hu_ln:wang-139,b23756fb-7ef6-42eb-b878-2c9148f97831
10000437,fl:ji_ln:sun-46,b34f726f-c6f5-4e9c-b39b-3be08fd1e36a
10000274,fl:da_ln:pitt-8,d741637e-71a6-4101-a7db-0c2ba20a2958
10000397,fl:me_ln:kroeker-1,
10000137,fl:to_ln:masuda-34,87bbd77e-54e0-4d95-9c1b-7843963c09eb
10000579,fl:ra_ln:meena-5,e4d9f323-acf9-4a0b-adbc-81c1c2f2e6ab
10000683,fl:we_ln:zha-2,0ed3b5da-e166-4ce8-bb57-768914cc7e2e
10000356,fl:jo_ln:rhoads-2,d19f7315-26c5-4e86-b5e3-9be7bbfa1261
10000358,fl:ya_ln:harvey-1,afe57124-9a3d-416f-a5d7-bc566532552d
10000714,fl:da_ln:sandford-1,e00b66ac-406f-4265-b055-7c896e835636
10000459,fl:ch_ln:shah-3,d78de1dd-210b-4044-b82f-0b9079527a17
10000703,fl:za_ln:goodman-3,2a4051c0-c1ef-4941-8d7b-8e685e02acb9
10000507,fl:an_ln:wang-4,72acc50f-79a9-4681-9edd-d2163febe47c
10000153,fl:te_ln:misu-1,7fd570bb-8d88-4ad9-832b-532add7b7500
10000065,fl:ro_ln:palifka-1,d741637e-71a6-4101-a7db-0c2ba20a2958
10000326,fl:wi_ln:apps-2,605c514d-5acc-4c4e-9bd1-69d8b96eaee4
10000300,fl:ma_ln:haeberlein-1,8594bcb1-45a8-4fb0-9491-81e88f7a478e
10000198,fl:yo_ln:suzuki-19,87bbd77e-54e0-4d95-9c1b-7843963c09eb
10000061,fl:ta_ln:saito-53,877b4262-7552-45e3-adc3-c484b3095cf3
10000238,fl:he_ln:lachmund-1,2666ac0d-d5ad-4346-97de-acec7e230a94
10000577,fl:sh_ln:justice-1,944a976a-f9ab-48e9-9de4-d8b01a0189de
10000391,fl:ta_ln:ko-5,32af5781-1f17-4d64-9a62-521c1f397b70
10000484,fl:sh_ln:walsh-7,5ed35e81-c079-4e8d-81c8-66eb133562c3
10000560,fl:hi_ln:katada-1,3ca688ad-503b-4ac0-ad16-94db35c6253e
10000513,fl:tu_ln:ozturk-4,f4534d68-58ee-4607-947c-d8b77375e377
10000538,fl:ma_ln:romanescutia-1,2a1f7c66-5af2-48ad-b98b-099bd1e78f7c
10000468,fl:ho_ln:reichard-1,8ff0736b-4451-4b45-a26a-9edf0d6c7638
10000624,fl:yo_ln:eckstein-1,214454ae-6fee-4dcd-9045-cfdaebfac510
10000805,fl:ar_ln:bhamidipati-1,bcb5216e-a621-4c83-b12a-355d7ad3d3a8
10000694,fl:an_ln:jatsch-1,ea9b3e84-48ba-47ec-8903-1e151eab97c6
10000488,fl:na_ln:ishii-5,8ff0736b-4451-4b45-a26a-9edf0d6c7638
10000557,fl:ed_ln:adams-4,6aa04bed-c285-4d3f-81b9-052ec1e399ce
10000723,fl:aa_ln:raymond-2,1eb4a43d-8330-47b5-ae3e-322d9db88d80
10000275,fl:an_ln:tendola-1,710b4e0c-73ab-4c3e-a4d7-634e18a3041c
10000697,fl:no_ln:matsuda-6,ea9b3e84-48ba-47ec-8903-1e151eab97c6
10000731,fl:ah_ln:hindawi-1,030289c2-9373-4c97-a742-40a5de39cbd7
10000241,fl:oh_ln:zapataabdala-1,8a03b7d9-0444-4dfc-9737-bf029c47a462
10000364,fl:ta_ln:shiokawa-8,7fd570bb-8d88-4ad9-832b-532add7b7500
10000390,fl:je_ln:owens-21,c71fa1eb-230f-4410-a8ce-868bf70d0b13
10000714,fl:al_ln:difrancesco-1,e00b66ac-406f-4265-b055-7c896e835636
10000008,fl:li_ln:caspi-2,65aa142b-2a7a-4079-aae5-f99079ca9fa0
10000767,fl:ma_ln:kapoor-1,76bfedeb-c249-4c5a-9fb1-87c5a5ae43a0
10000501,fl:ch_ln:sinz-1,5ed35e81-c079-4e8d-81c8-66eb133562c3
10000213,fl:fl_ln:tseng-1,8a03b7d9-0444-4dfc-9737-bf029c47a462
10000780,fl:ma_ln:lenon-1,55054898-6f4b-4846-95d5-6435aece606f
10000570,fl:ig_ln:lasters-1,908f1b87-7dbd-48f6-b2a3-081404a542aa
10000014,fl:ca_ln:sandner-1,d6f138ea-5fbc-4de0-b58f-9080a787105f
10000007,fl:ja_ln:kotes-1,5f83d790-2a6a-421e-8d6c-6da6e6869187
10000586,fl:ma_ln:belitzer-1,bd7178d1-7337-4396-8e76-b53871bb6083
10000783,fl:mi_ln:ochiai-3,d1622868-c5e5-4701-8c28-39f526aeffd7
10000484,fl:sh_ln:dong-8,5ed35e81-c079-4e8d-81c8-66eb133562c3
10000314,fl:he_ln:slack-1,559a46d3-95cf-4fb9-9398-c3200f25ba9b
10000518,fl:di_ln:veld-1,28f7bd36-5469-43fe-b4e1-539d97102a02
10000636,fl:ja_ln:hoover-3,46ce8539-7b8f-4304-a07e-bbb94bdb821a
10000054,fl:jo_ln:seefeld-1,d2d37e3d-a1f6-4c1f-bcf3-194e88d29eaf
10000808,fl:da_ln:persing-1,7d50b3f9-b0c8-4ed6-8cc8-39a7066a0900
10000246,fl:lu_ln:huber-7,8bf34cb9-024e-465b-8b08-bd89d90682ad
10000330,fl:ti_ln:dzurik-1,83721e38-b6c1-4335-9def-2b387407a5ea
10000010,fl:ly_ln:saxton-1,4840cedc-7dcd-4aa9-9d62-ee877f7ef128
10000779,fl:ro_ln:dominguezespinosa-1,64ebeaa1-5bc0-42e3-9d9a-65523d9678e5
10000588,fl:sc_ln:george-3,d4286989-7501-4e2c-9d01-bfab4107b3fc
10000471,fl:jo_ln:kingunderwood-1,53ec5711-d131-4eae-96d6-a4f734cd597f
10000661,fl:zh_ln:fu-26,b52696d2-cb54-4ccf-9320-a04786fe252e
10000130,fl:qi_ln:yuan-55,07e52f37-e09e-4e0f-a129-265b32c7eba2
10000003,fl:ca_ln:elsasser-1,b153659d-bd6c-4cfd-8241-d22de6410750
10000298,fl:cl_ln:munk-1,d741637e-71a6-4101-a7db-0c2ba20a2958
10000535,fl:he_ln:henze-1,4bfd9d83-10ab-4b46-b0b3-cb7f0ed81393
10000305,fl:eb_ln:oral-1,6d57574a-aff9-4375-8781-79bd87aa1d06
10000110,fl:se_ln:yoon-45,79e4fd67-e4fe-4c76-b62d-9a360beeceb1
10000472,fl:an_ln:kumar-21,0cf48b4e-7fb2-4718-bc4b-f9316db9d8bd
10000105,fl:ja_ln:dilley-2,7fd570bb-8d88-4ad9-832b-532add7b7500
10000229,fl:ko_ln:sawamura-1,93171645-3a55-48c7-b2d0-9e5c1d3a1a74
10000515,fl:ko_ln:sakuta-2,c13d7573-c5e5-4622-8a6f-dc727383c685
10000561,fl:ba_ln:andlauer-1,0d463191-c5a9-497d-8037-4d6a85a6c5b2
10000545,fl:sa_ln:bourdoulous-1,c21ecc25-b33d-4f2b-8382-c382d3b5d393
10000615,fl:ma_ln:boyle-5,ab0e7b33-de4e-41f8-a553-ee4665499a2d
10000676,fl:ma_ln:skowron-4,4615cd2c-09a7-480d-a7a2-25201de63895
10000377,fl:le_ln:klebanoff-2,0f76066f-653e-4489-a56a-99c90bfffed4
10000459,fl:fa_ln:tucci-1,d78de1dd-210b-4044-b82f-0b9079527a17
10000613,fl:ro_ln:grosz-2,d0fae399-ca75-40ad-8d3d-c2fadfae99f7
10000683,fl:hu_ln:zhou-52,0ed3b5da-e166-4ce8-bb57-768914cc7e2e
10000473,fl:ti_ln:lu-14,0c160b17-3bc0-4935-9b42-d7efae1f7a94
10000172,fl:sc_ln:myers-2,8a03b7d9-0444-4dfc-9737-bf029c47a462
10000412,fl:an_ln:edwards-6,2ac33ec4-c101-4e73-b369-d7c5ed681514
10000550,fl:ol_ln:hill-1,abc42262-d181-4fc9-a08b-bb4e675b2ebe
10000785,fl:my_ln:lee-48,dc2459c5-bc00-4dca-9652-5f42145f7295
10000142,fl:ge_ln:davis-46,
10000792,fl:sa_ln:goueli-1,ea543a19-e0f2-49d2-a07a-31979f6350e0
10000466,fl:le_ln:smith-5,2ebba3c5-ebc0-4f3b-b91b-262d86c832e1
10000708,fl:ar_ln:oprins-1,7ff46aad-920a-4a06-97cb-791a4cd70773
10000330,fl:al_ln:szekely-1,83721e38-b6c1-4335-9def-2b387407a5ea
10000112,fl:li_ln:lu-132,8a03b7d9-0444-4dfc-9737-bf029c47a462
10000516,fl:xi_ln:wang-48,1b130916-6319-4d8b-808b-638f6845fe01
10000757,fl:br_ln:brown-56,650b8363-8f47-4234-9d69-b9fbdfb75736
10000801,fl:qi_ln:meng-5,1b078ccb-5c57-498a-ab56-5f05a970d760
10000766,fl:sh_ln:yeh-3,180b548e-0a57-40e6-8834-56b994322645
10000450,fl:ch_ln:morita-1,15dab51e-5b68-4017-be03-a990ed1b392a
10000552,fl:xi_ln:huang-42,d5ebeb23-9831-4c6b-9c34-0fb2395cc1a8
10000321,fl:jo_ln:spadavecchia-1,d529987e-1cd9-4a30-ae1a-284ec1d6bfad
10000369,fl:lo_ln:wilhelm-1,0bed6263-59b4-4070-9d43-3927311dd9e2
10000529,fl:jo_ln:bishop-10,04aa84e6-11ce-4b28-aa13-d6ccb5f25e68
10000541,fl:ha_ln:hu-26,d5ebeb23-9831-4c6b-9c34-0fb2395cc1a8
10000654,fl:gu_ln:benvenuto-1,8b4c15c0-5206-44a3-ac8d-81f7824bf06a
10000551,fl:my_ln:golembo-1,acb86cf3-edca-4f76-b2b8-986aa17921c2
10000263,fl:eh_ln:erell-1,7d5947ad-5e45-497a-9c0f-ad44e5d2861e
10000310,fl:ro_ln:thorstensenwoll-1,3f883863-0fe5-4718-9a66-0497c0e69d41
10000569,fl:ja_ln:hwang-12,533e0469-baac-46b7-9576-669db08092eb
10000088,fl:ta_ln:hoshino-33,34a5190f-4937-487a-a583-90a10b0e9009
10000019,fl:me_ln:watson-1,d741637e-71a6-4101-a7db-0c2ba20a2958
10000082,fl:la_ln:steinfeld-1,
10000600,fl:da_ln:kehrloesser-1,d6f138ea-5fbc-4de0-b58f-9080a787105f
10000703,fl:co_ln:schmidt-3,2a4051c0-c1ef-4941-8d7b-8e685e02acb9
10000744,fl:fe_ln:galzerani-1,0337ccd2-8584-41d2-a789-a31f83a09a57
10000520,fl:ke_ln:crossey-1,ce74c071-8b39-4153-83bb-1bd917309b45
10000540,fl:mi_ln:blaber-1,2d115ccc-959c-4bf3-b520-9c3237a15f77
10000048,fl:ma_ln:jungklaus-2,04eea1ee-4652-4f9e-a96b-dd1976991d93
10000141,fl:se_ln:kim-269,ea96c059-5267-4b52-ac70-4cd0915c519e
10000512,fl:do_ln:chen-21,b3e4bd70-b057-4575-aaaf-e665803cde2a
10000322,fl:do_ln:winkler-2,1c631b96-8301-4819-bd8c-2e69e2ef6c76
10000151,fl:ch_ln:dubosc-1,66c4c20e-39aa-4e63-bfaa-0079f2b836b5
10000383,fl:te_ln:sasaki-12,d5c16d3b-fe6d-438f-a46a-eed9d9a6b3b1
10000797,fl:ro_ln:lorenz-4,cec8a273-a770-4b2a-8b8f-e33f9f79d912
10000624,fl:qi_ln:lu-51,214454ae-6fee-4dcd-9045-cfdaebfac510
10000020,fl:pa_ln:fromm-1,4840cedc-7dcd-4aa9-9d62-ee877f7ef128
10000732,fl:ha_ln:chang-46,69de46fa-f86d-453b-bdef-daf2fceed21f
10000613,fl:ge_ln:adler-2,d0fae399-ca75-40ad-8d3d-c2fadfae99f7
10000292,fl:ti_ln:haynes-1,e6c47bb5-1ef6-4293-b853-afad0b4e8a13
10000775,fl:we_ln:zhang-77,6ce04dde-f383-4923-8798-780d1a608ed6
10000532,fl:gu_ln:boileau-1,ee08c552-6dd6-4228-9f5c-e7c3b634103b
10000574,fl:ro_ln:hofmeister-2,b5aa943e-82cf-4c37-9825-6fc0c0d8ab49
10000581,fl:ch_ln:collins-22,4e61fd34-7bff-47a0-a2e1-edb2b7b4826b
10000579,fl:vi_ln:gupta-11,e4d9f323-acf9-4a0b-adbc-81c1c2f2e6ab
10000135,fl:sh_ln:yoshida-64,cb5367eb-ebac-459a-b013-d92860572522
10000514,fl:ka_ln:sato-68,35480b43-47f5-4c66-b16b-64e441db4ce0
10000523,fl:je_ln:sommadossi-1,664e76f8-53d5-4f1f-99c0-4d3835317eb6
10000669,fl:ti_ln:leermann-1,281349cc-c2ed-4d43-8b24-0c15275d37d8
10000734,fl:he_ln:anderson-27,6710c4d3-5aad-4b5f-9212-a75e9718009d
10000501,fl:ro_ln:liu-4,5ed35e81-c079-4e8d-81c8-66eb133562c3
10000408,fl:ju_ln:saaksi-1,fd3d8d73-9f4e-4eaf-98c3-138894dd384f
10000351,fl:al_ln:gnan-2,29e8ca83-20e6-45ff-96e7-f4d9bd893607
10000762,fl:zh_ln:pan-23,8e14c487-822f-4f93-bac6-17da47259f40
10000739,fl:fu_ln:endo-5,fad804ce-646a-4c2b-96a5-eea7d3bf5038
10000132,fl:be_ln:dalrymple-1,8a03b7d9-0444-4dfc-9737-bf029c47a462
10000078,fl:yu_ln:mori-42,416cb9d9-6ac0-4156-8441-bbc5f9c00c64
10000548,fl:da_ln:estrin-1,a1d7a6e7-e246-48b1-bb47-01becc9cbf43
10000712,fl:ti_ln:hilbert-2,898a3069-7836-4817-b078-0a270550711b
10000456,fl:lu_ln:zhao-9,cfbe3073-5fb8-4a64-95d8-ced1a2e1188f
10000195,fl:ju_ln:fujita-8,222264bc-5220-40eb-8a6e-a2d1088af14f
10000686,fl:ma_ln:rojas-1,5085d286-8417-45a6-82c8-68bdf751514d
10000674,fl:ji_ln:wang-17,3e12a65b-6581-4c1b-be54-ea9bbca3b551
10000539,fl:an_ln:mahr-1,c3a5cc28-8840-4deb-8a32-342a07fea443
10000444,fl:ke_ln:kokin-1,bf36fee7-53f9-4caf-9d3a-92abb4f2c04d
10000037,fl:sh_ln:matsumura-14,2d98cfae-83e2-4f9f-b7c4-92b52fab8e9b
10000579,fl:ch_ln:reddy-3,e4d9f323-acf9-4a0b-adbc-81c1c2f2e6ab
10000457,fl:fa_ln:lopezvallejo-1,95c17e69-7d40-4b70-a679-7aabf5072379
10000104,fl:ma_ln:schelosky-1,1f99e6e5-1de9-49ae-b056-ddd9612c0747
10000000,fl:jo_ln:marron-5,a45783ae-9cec-49bc-bc2e-7b064aaa5907
10000780,fl:yv_ln:benoit-2,55054898-6f4b-4846-95d5-6435aece606f
10000339,fl:pa_ln:sullivan-13,ab16fe16-98b3-4d1c-9f4b-73980a1d118c
10000538,fl:ca_ln:alonsobedate-1,2a1f7c66-5af2-48ad-b98b-099bd1e78f7c
10000181,fl:eu_ln:kim-138,ea96c059-5267-4b52-ac70-4cd0915c519e
10000468,fl:ma_ln:adams-42,8ff0736b-4451-4b45-a26a-9edf0d6c7638
10000507,fl:ha_ln:feng-12,72acc50f-79a9-4681-9edd-d2163febe47c
10000717,fl:pa_ln:reust-2,898a3069-7836-4817-b078-0a270550711b
10000430,fl:na_ln:lamia-1,55054898-6f4b-4846-95d5-6435aece606f
10000354,fl:ke_ln:samoto-1,1548fb30-bae7-4aba-80da-e3dcf01b390b
10000675,fl:jo_ln:moore-70,
10000014,fl:he_ln:schall-2,d6f138ea-5fbc-4de0-b58f-9080a787105f
10000260,fl:jo_ln:pompa-5,46a62846-d998-4852-a31f-5e865ef5fa36
10000044,fl:ra_ln:giovannini-1,d95cf81a-2270-41a7-ba3b-8cbc3f8be0cf
10000398,fl:yu_ln:zhang-406,3aee6da5-d0fc-4ad5-9310-091125eef3f1
10000048,fl:st_ln:wrobel-2,04eea1ee-4652-4f9e-a96b-dd1976991d93
10000417,jubbomos8pjucdyo2omedb54t,d17dd399-4d91-407f-b686-459438d5db37
10000388,fl:ma_ln:maurer-7,b8dfc333-ed0c-4e66-9923-4f2f6ba7a38a
10000338,fl:jo_ln:lert-1,6bfaad21-3fe9-4076-beb2-c810d21bee84
10000255,fl:hi_ln:urabe-7,222264bc-5220-40eb-8a6e-a2d1088af14f
10000109,fl:ad_ln:gilley-1,87a5b154-2721-40d4-ba53-0213a74e9b2d
10000560,fl:to_ln:igawa-1,3ca688ad-503b-4ac0-ad16-94db35c6253e
10000168,fl:to_ln:galli-1,5b9d262a-fd2c-4db6-a62d-96750ac9c9f7
10000403,fl:yo_ln:tomibe-1,30211f56-d5f7-4eea-927e-1ae960f29170
10000612,jz8l0yu9j1y04m7o00urkx277,d0fae399-ca75-40ad-8d3d-c2fadfae99f7
10000352,fl:ma_ln:matsumori-4,6145eccf-2944-4bfc-8a82-e87bfce4d434
10000516,fl:at_ln:agarwal-1,1b130916-6319-4d8b-808b-638f6845fe01
10000758,fl:ro_ln:osterhout-1,64c7501b-59d8-4b14-893b-3c51d3000e6d
10000747,fl:ch_ln:wong-49,0b3e2604-cb45-4056-9f33-00c6ed2fb197
10000072,fl:ke_ln:matsushime-1,a8a1556f-5686-4632-bbcd-097dad687c6d
10000215,fl:wi_ln:melek-1,f94290bc-7c0d-49af-9797-828af77eb9c7
10000063,fl:hi_ln:kawate-1,877b4262-7552-45e3-adc3-c484b3095cf3
10000789,fl:we_ln:rao-3,739b2596-cdf8-411e-a922-bd8781f55373
10000523,fl:ad_ln:moussa-1,664e76f8-53d5-4f1f-99c0-4d3835317eb6
10000543,fl:vo_ln:schellenberger-1,02f21059-f8cc-4f7e-9cee-ecfd35bdb268
10000179,fl:ka_ln:abe-47,a9fb0e97-631f-47e1-97a2-4d1dc139e34f
10000707,fl:je_ln:crowe-1,4ece8167-3ed4-486b-8400-ca5941df86dd
10000353,fl:ke_ln:prinsen-1,60d35f61-e620-42d9-85f0-e6b930411b2b
10000472,fl:te_ln:kellar-1,0cf48b4e-7fb2-4718-bc4b-f9316db9d8bd
10000400,fl:gr_ln:evans-7,f2d1479b-0745-4dc6-be27-134e1b3e11b8
10000478,fl:ev_ln:gavathiotis-1,f324b245-d9ee-4285-bd81-177d87354b40
10000658,fl:se_ln:kostromine-1,7a24f2b0-df54-4331-8bf3-41ae6b783f77
10000503,fl:yu_ln:ochiai-4,77b0e539-7552-487c-8171-df9127f7fa66
10000355,fl:ju_ln:nakajima-8,e738f13e-85d9-4790-a3a5-f56afc3b6fc1
10000691,fl:zh_ln:lu-63,0ed3b5da-e166-4ce8-bb57-768914cc7e2e
10000162,fl:jo_ln:park-371,ea96c059-5267-4b52-ac70-4cd0915c519e
10000018,fl:li_ln:fang-4,38cff6e0-fc52-4faf-9fa9-b72912600dee
10000684,fl:gu_ln:jiang-100,503c6719-6f12-40b8-825b-d2a33b369db2
10000452,fl:de_ln:kyle-2,b7b2eabd-0875-449f-b04c-82b6b5bf6d81
10000693,fl:mo_ln:smithgonzalez-1,25e8e382-c770-4ac3-9390-bb48ae0cc84c
10000534,fl:a_ln:han-3,1c61d0a1-2219-4521-8f7c-e7ebf38a684b
10000597,fl:pi_ln:cheucle-1,d39f8780-9fe5-4793-8ee2-47ea78a6827f
10000765,fl:ki_ln:hori-2,94322301-cd60-49cb-85db-fd6c00b43412
10000589,fl:an_ln:winter-2,b11bc136-5690-4c51-873f-cb43246f3ab8
10000637,fl:ya_ln:wang-61,d6f138ea-5fbc-4de0-b58f-9080a787105f
10000751,fl:bi_ln:zhang-70,b904f566-62d6-44a5-8689-7b5c5a3a1a19
10000053,fl:gl_ln:caron-1,d159e322-a274-46e4-b162-9e29eddb0d09
10000172,fl:mo_ln:ahmad-21,8a03b7d9-0444-4dfc-9737-bf029c47a462
10000055,fl:st_ln:ehrhardt-4,eee84928-75b7-4396-8fad-0a50f9f4bf7a
10000355,fl:is_ln:kondo-1,e738f13e-85d9-4790-a3a5-f56afc3b6fc1
10000592,fl:jo_ln:jamieson-7,3e12a65b-6581-4c1b-be54-ea9bbca3b551
10000488,fl:to_ln:yukawa-8,8ff0736b-4451-4b45-a26a-9edf0d6c7638
10000551,fl:ta_ln:kizhner-1,acb86cf3-edca-4f76-b2b8-986aa17921c2
10000075,fl:br_ln:klemann-1,4691872b-68a6-4a4f-b9a9-95c5df540cf2
10000067,fl:to_ln:nakagawa-37,5b0b2179-927c-48dd-a8ee-211adb1d7e7a
10000541,fl:sh_ln:chen-588,d5ebeb23-9831-4c6b-9c34-0fb2395cc1a8
10000215,fl:ba_ln:litkouhi-2,f94290bc-7c0d-49af-9797-828af77eb9c7
10000807,fl:sa_ln:dages-1,3f3ca576-89e3-4667-b0e7-0d3978b40687
10000221,fl:th_ln:taylor-16,40f7bea0-f776-45ca-819d-da1b334c84f3
10000519,fl:ke_ln:crossey-1,9cb06b5f-c4b9-4a04-984d-8fd8d90c1526
10000780,fl:ce_ln:ayrinhac-1,55054898-6f4b-4846-95d5-6435aece606f
10000697,fl:ka_ln:matsui-45,ea9b3e84-48ba-47ec-8903-1e151eab97c6
10000155,fl:jo_ln:schrepfer-2,cd318cdf-5adf-4eea-9308-d0b60f520ab9
10000739,fl:ya_ln:shiraki-4,fad804ce-646a-4c2b-96a5-eea7d3bf5038
10000231,fl:jo_ln:strobel-4,2893052b-d06d-43fd-8718-414fd0b190b0
10000567,fl:mi_ln:tal-3,8fc2f2c2-3db9-40e7-a7b2-41b0c57c5207
10000660,fl:he_ln:vandenhaak-1,f12f369b-d875-4370-bed6-6e41b29f2c93
10000529,fl:fa_ln:chiu-1,04aa84e6-11ce-4b28-aa13-d6ccb5f25e68
10000250,fl:ko_ln:ohno-12,524a078f-e500-4085-ab09-6d82ec85b864
10000785,fl:ha_ln:park-1,dc2459c5-bc00-4dca-9652-5f42145f7295
10000467,fl:su_ln:desai-7,3f2e8d11-c60e-4ba2-8202-f27731d63cb9
10000369,fl:th_ln:schneider-12,0bed6263-59b4-4070-9d43-3927311dd9e2
10000435,fl:ar_ln:bulbarelacroda-2,41a2bf1a-8afe-4b78-a2c7-040ac6a9987a
10000601,fl:al_ln:mahdevari-1,3ce3b54a-bdbd-4b73-ac55-cbabc845e9b4
10000081,fl:mi_ln:oota-4,4dbf79c6-cbb3-4fbb-a603-01e6cadac73f
10000525,fl:er_ln:hoffman-8,e3c68e78-2ab8-4222-922c-6d0dbf44971b
10000460,fl:jo_ln:daly-7,cefc8d48-d0db-49b8-b8fc-0c8f3d704312
10000787,fl:lo_ln:silks-1,d3e4929a-52cd-469b-b4fc-a9ba164d74ab
10000465,fl:wi_ln:hoekstra-1,56d31b59-a481-484b-aa34-04f67a96f3f5
10000416,fl:ro_ln:fisher-50,411734f0-1260-4d61-8080-c08ad6f2e7e3
10000563,fl:st_ln:jaspers-1,4e13ad56-505e-4ed9-8e8d-d9593c9ccf73
10000537,fl:re_ln:dejong-1,8b8145db-7813-4fb1-9348-fadc8dc80042
10000202,fl:jo_ln:park-685,ea96c059-5267-4b52-ac70-4cd0915c519e
10000079,fl:yu_ln:ikemoto-8,1548fb30-bae7-4aba-80da-e3dcf01b390b
10000094,fl:no_ln:yamamoto-24,5f91f492-1976-4ca8-81b1-044d8485c1b3
10000576,fl:ni_ln:weisser-1,96b3a56a-e999-4c36-8416-3937d7a3c958
10000366,fl:st_ln:nichols-2,80cfee41-71d4-4cda-8abb-4075fd768b44
10000191,fl:mi_ln:kunz-4,1c631b96-8301-4819-bd8c-2e69e2ef6c76
10000450,fl:sh_ln:taira-18,15dab51e-5b68-4017-be03-a990ed1b392a
10000462,fl:ye_ln:choi-28,533e0469-baac-46b7-9576-669db08092eb
10000626,fl:pa_ln:armstrong-4,681bb272-dacd-4789-b8d1-1c43e9ed8fbf
10000724,fl:sh_ln:li-177,3ce3b54a-bdbd-4b73-ac55-cbabc845e9b4
10000454,fl:te_ln:biftu-1,5ed35e81-c079-4e8d-81c8-66eb133562c3
10000577,fl:ke_ln:mason-3,944a976a-f9ab-48e9-9de4-d8b01a0189de
10000259,fl:pe_ln:allan-1,06feda91-b317-4433-b6ec-bc9852149c1b
10000188,fl:ma_ln:summer-1,91896e66-dfbb-4c89-8418-a0d710026e1c
10000129,fl:wi_ln:treharne-1,8a03b7d9-0444-4dfc-9737-bf029c47a462
10000034,fl:fu_ln:li-83,602124ed-f6fe-4577-9d55-4473302205cb
10000689,fl:gi_ln:barreto-2,1a7ba982-b7ee-471c-813a-457839a13730
10000158,fl:ro_ln:darrow-1,
10000463,fl:ke_ln:nishikawa-7,b5ac98b7-7d2d-4a11-88f2-7dbae02fd5b9
10000704,fl:ma_ln:lewis-40,3aaf6030-c6b3-47f3-8c64-83eef1fb2812
10000133,fl:fe_ln:weidner-1,f03635c8-6b6c-4f2b-bb6c-b52678f56aae
10000649,fl:ma_ln:okamoto-51,61d83c1e-07f8-4d40-a75a-1d46886685e0
10000782,fl:sw_ln:hallwyl-1,569c1c30-d293-4e62-982e-7d90d55b7bda
10000284,fl:ol_ln:purwin-1,ee19b405-e8a2-4bfe-8aa1-9f8fe50d3be7
10000035,fl:ma_ln:vanbeek-1,362446db-3f2c-46f3-866e-5fa0c12a1319
10000235,fl:ta_ln:toda-20,74c11be2-20ec-49fe-ac26-d839d375bd32
10000670,fl:ju_ln:sanchez-1,7fbe2d79-2341-4308-a0f0-0d738078b84e
10000454,fl:je_ln:frie-1,5ed35e81-c079-4e8d-81c8-66eb133562c3
10000688,fl:ro_ln:moene-1,4f87fefb-2763-4236-ab35-57bee381a0fd
10000408,fl:pe_ln:lammi-1,fd3d8d73-9f4e-4eaf-98c3-138894dd384f
10000583,fl:qi_ln:pan-50,5c3ff3de-94d2-463e-afbc-3386f8e19ce8
10000695,fl:ch_ln:yoon-59,533e0469-baac-46b7-9576-669db08092eb
10000007,fl:wi_ln:didier-2,5f83d790-2a6a-421e-8d6c-6da6e6869187
10000647,fl:ta_ln:nabe-1,ed9722a5-c905-4ae9-9210-08a542017582
10000447,fl:yo_ln:niitsu-6,aff59855-e1cd-4810-b136-18c3a1a847bd
10000797,fl:gl_ln:yen-1,cec8a273-a770-4b2a-8b8f-e33f9f79d912
10000471,fl:jo_ln:williams-85,53ec5711-d131-4eae-96d6-a4f734cd597f
10000585,fl:to_ln:tsuji-31,47b2aabd-0c46-41f8-a686-945e6fbb7d08
10000524,fl:ma_ln:verhaar-1,02a49f1d-19ae-4236-8782-2410edb8682c
10000450,fl:ta_ln:tomoyasu-1,15dab51e-5b68-4017-be03-a990ed1b392a
10000174,fl:ta_ln:hiraiwa-2,37c1ed9d-4dde-4045-8eab-583a112fcfbb
10000768,fl:xi_ln:huang-212,1e2866af-069c-4a1d-9848-19755c7fe2e1
10000667,fl:ke_ln:mori-28,a8fd3500-dbf0-4445-a810-ea9a275afdbd
10000716,fl:we_ln:cai-42,681bb272-dacd-4789-b8d1-1c43e9ed8fbf
10000249,fl:bu_ln:sasaki-2,222264bc-5220-40eb-8a6e-a2d1088af14f
10000501,fl:li_ln:wang-236,5ed35e81-c079-4e8d-81c8-66eb133562c3
10000665,fl:ra_ln:grottenmuller-2,26bf7fa7-3704-4263-b7d8-33206935e460
10000691,fl:aj_ln:potty-1,0ed3b5da-e166-4ce8-bb57-768914cc7e2e
10000649,fl:yu_ln:kameyama-4,61d83c1e-07f8-4d40-a75a-1d46886685e0
10000496,fl:br_ln:hodous-1,6a83f076-7e5d-4134-a899-95970c847778
10000635,fl:ju_ln:park-29,c9fee267-67c6-4e14-9225-e5c3ac4478d6
10000091,fl:ch_ln:gayton-1,
10000390,fl:de_ln:lovingood-1,c71fa1eb-230f-4410-a8ce-868bf70d0b13
10000768,fl:ha_ln:karchi-1,1e2866af-069c-4a1d-9848-19755c7fe2e1
10000569,fl:se_ln:lee-163,533e0469-baac-46b7-9576-669db08092eb
10000534,fl:hy_ln:jung-61,1c61d0a1-2219-4521-8f7c-e7ebf38a684b
10000555,fl:sv_ln:doronina-2,147a8be4-b9a1-4d03-8101-cafbc36d5422
10000004,fl:mi_ln:zubiriaelizondo-1,7b1383b0-7643-4186-9c9a-c4d9f9e8156f
10000463,fl:to_ln:kimura-3,b5ac98b7-7d2d-4a11-88f2-7dbae02fd5b9
10000229,fl:ma_ln:sakamoto-10,93171645-3a55-48c7-b2d0-9e5c1d3a1a74
10000492,fl:ta_ln:furuuchi-2,82e98e34-7196-4412-be68-1b61b1085daa
10000619,fl:ma_ln:kitaichi-1,cce4e43c-b399-4555-9e34-908d78d906ef
10000553,fl:sh_ln:novarra-1,8cc2701d-1308-41bb-89f3-d80d97cf4321
10000706,fl:er_ln:clavelle-1,4ece8167-3ed4-486b-8400-ca5941df86dd
10000256,fl:mi_ln:kamiya-12,222264bc-5220-40eb-8a6e-a2d1088af14f
10000636,fl:pa_ln:sybert-1,46ce8539-7b8f-4304-a07e-bbb94bdb821a
10000451,fl:li_ln:jong-3,0ed7db0d-4cee-441e-aaa2-4452443ac0e4
10000721,fl:ba_ln:carfolite-1,898a3069-7836-4817-b078-0a270550711b
10000655,fl:su_ln:hong-36,fd3b4ed9-fb12-4866-9885-282c43154b89
10000519,fl:ph_ln:redpath-1,9cb06b5f-c4b9-4a04-984d-8fd8d90c1526
10000277,fl:lu_ln:weaver-1,20ffa411-3945-4751-bcd9-8fcbaa20c810
10000446,fl:st_ln:cappelle-2,7b3a3311-a503-4c38-8523-4041dc0bbe29
10000592,fl:ja_ln:kela-2,3e12a65b-6581-4c1b-be54-ea9bbca3b551
10000545,fl:xa_ln:nassif-1,c21ecc25-b33d-4f2b-8382-c382d3b5d393
10000491,fl:ta_ln:abe-23,82e98e34-7196-4412-be68-1b61b1085daa
10000743,fl:no_ln:itoh-3,0f78f41b-4cd8-40fe-9bc2-4b602173c4a2
10000543,fl:jo_ln:silverman-1,02f21059-f8cc-4f7e-9cee-ecfd35bdb268
10000219,fl:ch_ln:winkelmann-4,f68061b9-5827-43c8-8f62-33cae08b6d16
10000573,fl:ra_ln:melarkode-1,846ef848-d2a5-4f29-a152-0b79330db52a
10000409,fl:ad_ln:ellison-2,cb611b09-7b38-4e94-bbe5-e2abf0385bd3
10000617,fl:te_ln:liang-2,6cccfcb4-1761-4afb-bd37-def24a3d1228
10000002,fl:do_ln:choi-29,5b722cc6-9d8f-46bd-83cb-7838a17e5201
10000403,fl:ma_ln:inoue-18,30211f56-d5f7-4eea-927e-1ae960f29170
10000145,fl:ma_ln:woods-18,
10000739,fl:ka_ln:kume-4,fad804ce-646a-4c2b-96a5-eea7d3bf5038
10000154,fl:st_ln:schondorf-1,8a03b7d9-0444-4dfc-9737-bf029c47a462
10000763,fl:sa_ln:kuroda-5,7fa36de2-2f4b-4708-9b7e-cb2f05de7f85
10000483,fl:st_ln:balk-1,f324b245-d9ee-4285-bd81-177d87354b40
10000388,fl:ch_ln:jacquemet-1,b8dfc333-ed0c-4e66-9923-4f2f6ba7a38a
10000767,fl:xi_ln:li-142,76bfedeb-c249-4c5a-9fb1-87c5a5ae43a0
10000690,fl:sh_ln:wu-564,0ed3b5da-e166-4ce8-bb57-768914cc7e2e
10000265,fl:br_ln:newville-1,f6c7988b-2a2d-4e38-98e7-e00ac589a5d0
10000476,fl:sh_ln:tokuoka-2,0ae2b86d-756f-4802-b90e-468c0c68d012
10000347,fl:ri_ln:ellis-14,
10000023,fl:al_ln:elsiblani-1,56e10b26-c03b-4492-893c-975d51dda8b7
10000461,fl:be_ln:prouvost-1,99e7c805-e4f5-4328-8486-c799383c6640
10000172,fl:li_ln:scaria-1,8a03b7d9-0444-4dfc-9737-bf029c47a462
10000499,fl:th_ln:reger-1,5ed35e81-c079-4e8d-81c8-66eb133562c3
10000551,fl:ur_ln:hanania-1,acb86cf3-edca-4f76-b2b8-986aa17921c2
10000541,fl:ju_ln:yan-5,d5ebeb23-9831-4c6b-9c34-0fb2395cc1a8
10000749,fl:da_ln:saran-1,3e0096da-2977-47b6-94dc-61934bae1454
10000193,fl:sa_ln:han-66,0c366465-e38a-4f8c-9292-e33ea65142e2
10000270,fl:ma_ln:imasaka-1,cb3e4fb0-80fb-4110-8684-4b563c54eee5
10000228,fl:to_ln:ito-44,f8a675d6-b165-4331-b7b4-0d5d520ee462
10000516,fl:mi_ln:deshpande-1,1b130916-6319-4d8b-808b-638f6845fe01
10000232,fl:to_ln:oya-10,f0d69823-17b7-4154-a98a-7ff25c89592b
10000404,fl:st_ln:maugendre-1,d59f81fb-3f39-41ab-8fa6-028af37702c3
10000469,fl:ph_ln:hughes-2,62da1b57-3b57-4131-9a22-c4e02485bc35
10000614,fl:ul_ln:hippi-1,e72c4784-e8dc-4eb7-8763-61c70aee532f
10000456,fl:je_ln:arruda-1,cfbe3073-5fb8-4a64-95d8-ced1a2e1188f
10000785,fl:un_ln:lee-26,dc2459c5-bc00-4dca-9652-5f42145f7295
10000435,mlisb6ubln0e0akalhgrxx07u,41a2bf1a-8afe-4b78-a2c7-040ac6a9987a
10000287,fl:je_ln:mckee-3,79b7e1b7-26f6-4881-bffc-f8ab73102a2c
10000547,fl:ha_ln:singh-9,24770c94-7830-432d-94ef-bfa28775b740
10000134,fl:ch_ln:mi-13,87a5b154-2721-40d4-ba53-0213a74e9b2d
10000549,fl:mi_ln:dranitzkielhalel-1,3ddfdd14-3667-454b-aef3-b8e2601d668b
10000724,fl:su_ln:narine-1,3ce3b54a-bdbd-4b73-ac55-cbabc845e9b4
10000475,fl:ji_ln:yu-71,cd53d80c-584e-47c9-a2a4-c1d62c2621aa
10000610,fl:da_ln:beigzadeh-1,1b606c63-f004-4846-8e11-d819cee5029a
10000667,fl:yo_ln:matsui-22,a8fd3500-dbf0-4445-a810-ea9a275afdbd
10000228,fl:na_ln:tagaya-2,f8a675d6-b165-4331-b7b4-0d5d520ee462
10000370,fl:ti_ln:bethuy-2,184fc64b-aaf5-44a7-b2bd-dfec4e6d7db5
10000080,fl:an_ln:martinezbarambio-2,d1097181-f21f-4cfa-995a-7f16d587ea4a
10000765,fl:ta_ln:matsumoto-76,94322301-cd60-49cb-85db-fd6c00b43412
10000439,fl:al_ln:riondel-1,1a7ba982-b7ee-471c-813a-457839a13730
10000298,fl:da_ln:day-2,d741637e-71a6-4101-a7db-0c2ba20a2958
10000093,fl:ma_ln:vandaele-2,
10000508,fl:da_ln:yamada-5,b61e22a3-4786-4308-aa49-7cbde59501c9
10000099,fl:ig_ln:gorenzweig-1,acbf564f-9c6c-42a5-ab44-802234d61e77
10000368,fl:do_ln:haddix-1,18d5918a-cce2-4d6b-89cb-6832770f6b13
10000547,fl:ol_ln:schoor-1,24770c94-7830-432d-94ef-bfa28775b740
10000780,fl:ce_ln:persillon-1,55054898-6f4b-4846-95d5-6435aece606f
10000242,fl:le_ln:jaworski-2,b94e5b04-59ec-4ba1-b0bf-39ad49e3428b
10000564,fl:ni_ln:papadopoulos-9,db486af5-960d-4fc8-ad72-e5afc4674bba
10000238,fl:th_ln:buschjohann-1,2666ac0d-d5ad-4346-97de-acec7e230a94
10000191,fl:ma_ln:leiblein-1,1c631b96-8301-4819-bd8c-2e69e2ef6c76
10000690,fl:ch_ln:coker-1,0ed3b5da-e166-4ce8-bb57-768914cc7e2e
10000476,fl:sh_ln:todo-1,0ae2b86d-756f-4802-b90e-468c0c68d012
10000443,fl:xi_ln:chen-179,f67f7503-8d29-45d4-898b-1aa15d14a5f3
10000026,fl:ma_ln:negley-3,d741637e-71a6-4101-a7db-0c2ba20a2958
10000691,fl:de_ln:benoit-1,0ed3b5da-e166-4ce8-bb57-768914cc7e2e
10000721,fl:da_ln:yablon-2,898a3069-7836-4817-b078-0a270550711b
10000734,fl:ma_ln:blomqvist-1,6710c4d3-5aad-4b5f-9212-a75e9718009d
10000403,fl:ta_ln:kanagawa-5,30211f56-d5f7-4eea-927e-1ae960f29170
10000761,fl:we_ln:wu-122,29952cab-11e9-412f-bca5-735599328a40
10000057,fl:ma_ln:isalcortes-1,da679ce6-cd5e-49ae-bb53-2690e30de4ef
10000380,fl:ro_ln:hembre-1,d4286989-7501-4e2c-9d01-bfab4107b3fc
10000492,fl:na_ln:mitsuhashi-1,82e98e34-7196-4412-be68-1b61b1085daa
10000042,fl:m._ln:parsio-1,d7f6b50e-a742-42c8-9517-4aeb06df3568
10000019,fl:ja_ln:chanes-1,d741637e-71a6-4101-a7db-0c2ba20a2958
10000376,fl:wo_ln:geiger-1,3c2ccbb6-2205-4442-8987-441d85f71d67
10000460,fl:ho_ln:sutton-1,cefc8d48-d0db-49b8-b8fc-0c8f3d704312
10000240,fl:ka_ln:nakano-22,7fd570bb-8d88-4ad9-832b-532add7b7500
10000046,fl:jo_ln:robinson-29,20ffa411-3945-4751-bcd9-8fcbaa20c810
10000645,fl:je_ln:huang-56,3dd38c18-3556-43ef-8bc3-188ff2afae8e
10000488,fl:ay_ln:sato-3,8ff0736b-4451-4b45-a26a-9edf0d6c7638
10000285,fl:an_ln:prager-1,7e0091d0-3a24-43b4-b250-f7a0049ecb80
10000571,fl:ji_ln:qing-1,b354988b-6671-409f-a03a-179009ca49d2
10000319,fl:ar_ln:pisarevsky-1,
10000612,fl:ma_ln:green-21,d0fae399-ca75-40ad-8d3d-c2fadfae99f7
10000139,fl:yo_ln:kum-2,ea96c059-5267-4b52-ac70-4cd0915c519e
10000454,fl:wi_ln:hagmann-1,5ed35e81-c079-4e8d-81c8-66eb133562c3
10000408,fl:es_ln:lammi-1,fd3d8d73-9f4e-4eaf-98c3-138894dd384f
10000491,fl:yo_ln:sakamaki-1,82e98e34-7196-4412-be68-1b61b1085daa
10000230,fl:ca_ln:watson-3,c51bb3a2-f656-4229-9294-3320111781d5
10000035,fl:mi_ln:melo-1,362446db-3f2c-46f3-866e-5fa0c12a1319
10000195,fl:et_ln:watarai-1,222264bc-5220-40eb-8a6e-a2d1088af14f
10000216,fl:ma_ln:clement-2,97ed5df6-7345-49c0-b1b8-42a1ec75baf1
10000229,fl:re_ln:katakura-1,93171645-3a55-48c7-b2d0-9e5c1d3a1a74
10000682,fl:ro_ln:matlock-1,187558cf-924c-4d78-a3c6-6143c2e8023d
10000171,fl:st_ln:pingston-1,8a03b7d9-0444-4dfc-9737-bf029c47a462
10000761,fl:li_ln:wen-26,29952cab-11e9-412f-bca5-735599328a40
10000595,fl:ja_ln:barr-1,d433d76d-e698-4711-aaad-63e1aebfb729
10000664,fl:ri_ln:sakamoto-5,65201550-2431-487e-9211-a0ed5fe16631
10000309,fl:ma_ln:ferri-4,3bfeb832-4c94-42b8-90e0-bcfb56eb7bc4
10000178,fl:at_ln:nakashima-4,87bbd77e-54e0-4d95-9c1b-7843963c09eb
10000490,fl:ch_ln:miduturu-1,6a83f076-7e5d-4134-a899-95970c847778
10000553,fl:da_ln:spencer-16,8cc2701d-1308-41bb-89f3-d80d97cf4321
10000047,fl:ha_ln:sun-101,0a2ca7a5-d6b5-4061-bfc1-6c70bae2aaf6
10000123,fl:ta_ln:hori-29,87bbd77e-54e0-4d95-9c1b-7843963c09eb
10000661,fl:an_ln:hejl-1,b52696d2-cb54-4ccf-9320-a04786fe252e
10000487,fl:st_ln:webber-2,741cd94c-f327-43e1-96bc-a576e560b921
10000689,fl:ra_ln:inoubli-1,1a7ba982-b7ee-471c-813a-457839a13730
10000535,fl:st_ln:demarco-6,4bfd9d83-10ab-4b46-b0b3-cb7f0ed81393
10000693,fl:me_ln:soeung-1,25e8e382-c770-4ac3-9390-bb48ae0cc84c
10000421,fl:ab_ln:hakeem-2,1d86631c-e613-463d-8b25-9c1255e49c45
10000107,fl:ko_ln:fukawatase-1,3603bc38-d35d-413a-b99d-007cfa49831b
10000190,fl:ko_ln:katahira-5,74c11be2-20ec-49fe-ac26-d839d375bd32
10000482,fl:ro_ln:koestler-1,c437739f-5caf-410e-98ee-a05aeade9249
10000745,fl:ke_ln:elkon-1,f6ee5c34-7435-435b-b33c-03a2eb2269e7
10000626,fl:al_ln:nachtigal-1,681bb272-dacd-4789-b8d1-1c43e9ed8fbf
10000499,fl:sc_ln:kuduk-2,5ed35e81-c079-4e8d-81c8-66eb133562c3
10000541,fl:qi_ln:xu-92,d5ebeb23-9831-4c6b-9c34-0fb2395cc1a8
10000496,fl:ke_ln:wilson-31,6a83f076-7e5d-4134-a899-95970c847778
10000684,fl:li_ln:han-13,503c6719-6f12-40b8-825b-d2a33b369db2
10000373,fl:ta_ln:yang-80,88c962da-6df3-4f86-85ba-14c24c3cb600
10000260,fl:ro_ln:damus-1,46a62846-d998-4852-a31f-5e865ef5fa36
10000325,fl:le_ln:barton-10,7fbc4fa8-159b-4592-9e69-f7ec996b89eb
10000643,fl:jo_ln:tsang-4,a8ff5b01-5396-4174-bd3b-0245cf192b9b
10000466,fl:sh_ln:srivastava-9,2ebba3c5-ebc0-4f3b-b91b-262d86c832e1
10000372,fl:mi_ln:gregory-11,
10000648,fl:zi_ln:belman-2,da679ce6-cd5e-49ae-bb53-2690e30de4ef
10000473,fl:gu_ln:xu-180,0c160b17-3bc0-4935-9b42-d7efae1f7a94
10000029,fl:hi_ln:izumi-20,0cce7bd8-2978-4a18-b5aa-b0421f6c306e
10000736,fl:al_ln:karlssonparra-1,5f0411fc-bc87-4afe-825f-d5d97570daec
10000515,fl:yu_ln:sunada-2,c13d7573-c5e5-4622-8a6f-dc727383c685
10000480,fl:qi_ln:liu-5,2ebba3c5-ebc0-4f3b-b91b-262d86c832e1
10000502,fl:jo_ln:branch-5,0c160b17-3bc0-4935-9b42-d7efae1f7a94
10000692,fl:lo_ln:vo-7,0ed3b5da-e166-4ce8-bb57-768914cc7e2e
10000107,fl:su_ln:matsumoto-2,3603bc38-d35d-413a-b99d-007cfa49831b
10000028,fl:ro_ln:ausen-1,681bb272-dacd-4789-b8d1-1c43e9ed8fbf
10000453,fl:ke_ln:ellis-21,fc8ce78e-89bd-46f9-a1be-876874b1ecef
10000197,fl:ja_ln:leonarski-1,e7dc6a46-5a07-45ec-87b6-8a113ab02e99
10000492,fl:ta_ln:abe-23,82e98e34-7196-4412-be68-1b61b1085daa
10000114,fl:aa_ln:yonts-1,f8408e94-960d-4f83-827e-deaa1d63d9d6
10000610,fl:jo_ln:hull-14,1b606c63-f004-4846-8e11-d819cee5029a
10000738,fl:so_ln:wang-55,b23756fb-7ef6-42eb-b878-2c9148f97831
10000285,fl:tr_ln:shannon-2,7e0091d0-3a24-43b4-b250-f7a0049ecb80
10000645,fl:st_ln:connor-5,3dd38c18-3556-43ef-8bc3-188ff2afae8e
10000126,fl:mi_ln:degner-1,8a03b7d9-0444-4dfc-9737-bf029c47a462
10000702,fl:wa_ln:huang-8,d2b761c9-4544-4f94-8cbd-982481069e4a
10000698,fl:ne_ln:cherepy-1,aed52f28-fd48-44e3-beb6-177540d662d9
10000791,fl:sh_ln:ueda-62,0e636125-e3dd-40d4-abf3-995b0d384c7b
10000731,fl:us_ln:mohsen-1,030289c2-9373-4c97-a742-40a5de39cbd7
10000512,fl:gu_ln:wu-34,b3e4bd70-b057-4575-aaaf-e665803cde2a
10000447,fl:jo_ln:payne-1,aff59855-e1cd-4810-b136-18c3a1a847bd
10000679,fl:na_ln:hara-4,2a5fd84a-89e0-4962-aa61-a5bcbaee0a82
10000188,fl:pa_ln:bosscher-1,91896e66-dfbb-4c89-8418-a0d710026e1c
10000636,fl:th_ln:evans-11,46ce8539-7b8f-4304-a07e-bbb94bdb821a
10000097,fl:ju_ln:lee-896,8981c35c-06bf-45ac-944d-c5c9cad7a904
10000661,fl:er_ln:greyson-1,b52696d2-cb54-4ccf-9320-a04786fe252e
10000797,fl:da_ln:chiu-16,cec8a273-a770-4b2a-8b8f-e33f9f79d912
10000239,fl:ma_ln:tatsuwaki-2,7fd570bb-8d88-4ad9-832b-532add7b7500
10000276,fl:yu_ln:sun-209,5211a637-a7c4-4080-9d63-e1e7fd8306aa
10000268,fl:to_ln:dannenberg-1,b4ec4fdd-ad18-4e9c-b28c-a5ff1b10959e
10000217,fl:ik_ln:kitagishi-1,8120eeec-8a92-4590-95af-4cb6f59aee0f
10000536,fl:ka_ln:ostermann-2,9272127a-3c65-452a-8d24-41e21997235d
10000634,fl:ke_ln:matsumura-8,a81f90ea-a4a9-40e9-8978-466148b6c116
10000526,fl:ru_ln:wilhelm-3,895aa595-0bdd-4437-91d0-a35695d4a7c0
10000556,fl:li_ln:green-1,c909cb45-8f99-4ef2-8cbd-f57bcbbcd3f4
10000120,fl:mu_ln:kikuchi-1,1647337d-4cd1-4e91-9167-aea8ba78dee6
10000535,fl:da_ln:obrecht-2,4bfd9d83-10ab-4b46-b0b3-cb7f0ed81393
10000656,fl:to_ln:shimada-12,5b0b2179-927c-48dd-a8ee-211adb1d7e7a
10000570,fl:ja_ln:schuurman-1,908f1b87-7dbd-48f6-b2a3-081404a542aa
10000252,fl:sa_ln:takaya-1,67927c92-2fb0-4910-8040-5fcdf6334aea
10000509,fl:la_ln:sutton-4,1ab4b01a-7ca9-400d-b983-7f62ba47ad01
10000512,fl:ch_ln:li-899,b3e4bd70-b057-4575-aaaf-e665803cde2a
10000431,fl:hs_ln:tung-25,1b7df2b5-6ba8-45e7-978f-a91d69bf49be
10000297,fl:ga_ln:he-9,1b7df2b5-6ba8-45e7-978f-a91d69bf49be
10000296,fl:we_ln:ralph-1,d67a2671-7ba2-4525-a2b4-c52e054ace9a
10000569,fl:kw_ln:cheong-2,533e0469-baac-46b7-9576-669db08092eb
10000558,fl:ma_ln:tong-2,4b3d77c4-e206-445c-a007-3dbb36ea4787
10000669,fl:an_ln:hohmann-4,281349cc-c2ed-4d43-8b24-0c15275d37d8
10000810,fl:an_ln:keller-15,af531edf-ea9a-482d-8487-c9000a04e914
10000291,fl:st_ln:evans-35,e6c47bb5-1ef6-4293-b853-afad0b4e8a13
10000557,fl:co_ln:dykes-1,6aa04bed-c285-4d3f-81b9-052ec1e399ce
10000215,fl:re_ln:zarringhalam-1,f94290bc-7c0d-49af-9797-828af77eb9c7
10000083,fl:ak_ln:ogino-6,f0be634a-e05d-473c-85a4-d92cc977cd76
10000516,fl:da_ln:chen-44,1b130916-6319-4d8b-808b-638f6845fe01
10000054,fl:uw_ln:becker-2,d2d37e3d-a1f6-4c1f-bcf3-194e88d29eaf
10000222,fl:ch_ln:morris-8,ab16fe16-98b3-4d1c-9f4b-73980a1d118c
10000454,fl:pu_ln:biju-1,5ed35e81-c079-4e8d-81c8-66eb133562c3
10000270,fl:ka_ln:kishimoto-14,cb3e4fb0-80fb-4110-8684-4b563c54eee5
10000669,fl:pe_ln:rambusch-1,281349cc-c2ed-4d43-8b24-0c15275d37d8
10000532,fl:is_ln:lemire-1,ee08c552-6dd6-4228-9f5c-e7c3b634103b
10000203,fl:ch_ln:lear-2,8a03b7d9-0444-4dfc-9737-bf029c47a462
10000741,fl:th_ln:chalberg-1,529aba7a-51fb-4169-89bf-a47183bc52da
10000501,fl:ji_ln:cai-6,5ed35e81-c079-4e8d-81c8-66eb133562c3
10000593,fl:cr_ln:atienza-1,8aab048f-9515-4287-8343-b7fd26758cf5
10000610,fl:xi_ln:yu-9,1b606c63-f004-4846-8e11-d819cee5029a
10000658,fl:jo_ln:petzoldt-4,7a24f2b0-df54-4331-8bf3-41ae6b783f77
10000657,fl:hi_ln:suzuki-59,ed9722a5-c905-4ae9-9210-08a542017582
10000726,fl:de_ln:anderson-28,6ca11cca-066f-4f69-990a-dafa1665ef9d
10000382,fl:vi_ln:diyuk-1,
10000518,fl:ju_ln:grigg-1,28f7bd36-5469-43fe-b4e1-539d97102a02
10000321,fl:da_ln:kelly-50,d529987e-1cd9-4a30-ae1a-284ec1d6bfad
10000440,fl:ka_ln:dyballa-1,b84319ea-3eb9-4374-bfc2-a8445d679e8b
10000615,fl:ye_ln:wang-30,ab0e7b33-de4e-41f8-a553-ee4665499a2d
10000486,fl:se_ln:amberg-1,cefc56ec-e231-4f5e-b58d-9bef83c4bcfc
10000645,fl:je_ln:hinricher-1,3dd38c18-3556-43ef-8bc3-188ff2afae8e
10000731,fl:so_ln:basheer-2,030289c2-9373-4c97-a742-40a5de39cbd7
10000206,fl:ma_ln:yoshikawa-43,87bbd77e-54e0-4d95-9c1b-7843963c09eb
10000529,fl:i._ln:pickersgill-1,04aa84e6-11ce-4b28-aa13-d6ccb5f25e68
10000577,fl:al_ln:harrison-2,944a976a-f9ab-48e9-9de4-d8b01a0189de
10000751,fl:li_ln:chen-314,b904f566-62d6-44a5-8689-7b5c5a3a1a19
10000515,fl:hi_ln:soejima-1,c13d7573-c5e5-4622-8a6f-dc727383c685
10000560,fl:hi_ln:muramatsu-5,3ca688ad-503b-4ac0-ad16-94db35c6253e
10000660,fl:ni_ln:vanbeelen-2,f12f369b-d875-4370-bed6-6e41b29f2c93
10000378,fl:hy_ln:abe-1,74c11be2-20ec-49fe-ac26-d839d375bd32
10000576,fl:su_ln:dixit-1,96b3a56a-e999-4c36-8416-3937d7a3c958
10000563,fl:mo_ln:huber-1,4e13ad56-505e-4ed9-8e8d-d9593c9ccf73
10000007,fl:ia_ln:zimmermann-1,5f83d790-2a6a-421e-8d6c-6da6e6869187
10000393,fl:ta_ln:bera-2,6ca11cca-066f-4f69-990a-dafa1665ef9d
10000464,fl:ga_ln:tilbrook-1,374174a9-6936-40a0-a7d5-a7b96f3460e4
10000573,fl:jo_ln:casimiro-1,846ef848-d2a5-4f29-a152-0b79330db52a
10000705,fl:jo_ln:collins-33,ca3eedcb-292b-495c-8f04-81e3aa3b4a78
10000010,fl:ro_ln:irizarry-1,4840cedc-7dcd-4aa9-9d62-ee877f7ef128
10000610,fl:pe_ln:margl-1,1b606c63-f004-4846-8e11-d819cee5029a
10000803,fl:mi_ln:boycejacino-1,c7c7681d-1d55-4cb0-8171-2bbe9f4b237c
10000733,fl:ka_ln:arendt-1,246ab72d-6aae-4951-88f0-6d3f5a61466c
10000792,fl:jo_ln:vidugiriene-1,ea543a19-e0f2-49d2-a07a-31979f6350e0
10000573,fl:su_ln:rajkumar-1,846ef848-d2a5-4f29-a152-0b79330db52a
10000421,fl:mo_ln:almaliki-1,1d86631c-e613-463d-8b25-9c1255e49c45
10000002,fl:yu_ln:kim-61,5b722cc6-9d8f-46bd-83cb-7838a17e5201
10000651,fl:to_ln:kajii-1,ed9722a5-c905-4ae9-9210-08a542017582
10000746,fl:jo_ln:jarjour-1,6a4ebb68-a826-4d8a-9556-89bb79827c29
10000420,fl:da_ln:lee-27,05fb44e9-52ed-4e34-8473-d10394362cfc
10000198,fl:se_ln:nobuyasu-1,87bbd77e-54e0-4d95-9c1b-7843963c09eb
10000375,fl:je_ln:frey-14,1c631b96-8301-4819-bd8c-2e69e2ef6c76
10000604,fl:hy_ln:choi-356,533e0469-baac-46b7-9576-669db08092eb
10000039,fl:ar_ln:karagiannis-1,04a61266-6d17-4d03-9179-b30f925e473d
10000488,fl:ts_ln:oda-1,8ff0736b-4451-4b45-a26a-9edf0d6c7638
10000378,fl:ma_ln:yonemura-10,74c11be2-20ec-49fe-ac26-d839d375bd32
10000706,fl:ed_ln:foy-1,4ece8167-3ed4-486b-8400-ca5941df86dd
10000123,fl:hi_ln:kawamori-5,87bbd77e-54e0-4d95-9c1b-7843963c09eb
10000036,fl:ch_ln:park-244,ca3ac0a6-f44b-45c7-8816-bc2b1d409e84
10000585,fl:ya_ln:hatanaka-3,47b2aabd-0c46-41f8-a686-945e6fbb7d08
10000758,fl:pr_ln:pharkya-1,64c7501b-59d8-4b14-893b-3c51d3000e6d
10000759,fl:an_ln:goovaerts-1,bb7a562d-81d6-440b-be21-36aab9c0f5e4
10000477,fl:fa_ln:micheli-1,5f8b77e1-5974-453f-81be-f4a477a8495e
10000419,fl:ja_ln:hurst-1,e3275ff7-65e8-4f76-bd4d-db7033d48bdb
10000613,fl:du_ln:mcdonald-1,d0fae399-ca75-40ad-8d3d-c2fadfae99f7
10000120,fl:da_ln:fujii-8,1647337d-4cd1-4e91-9167-aea8ba78dee6
10000557,fl:li_ln:clarizia-1,6aa04bed-c285-4d3f-81b9-052ec1e399ce
10000482,fl:na_ln:yehia-1,c437739f-5caf-410e-98ee-a05aeade9249
10000809,fl:mi_ln:liu-65,9711eee5-6945-4a40-9716-6deced1f2bc6
10000211,fl:ta_ln:nanami-1,87bbd77e-54e0-4d95-9c1b-7843963c09eb
10000635,fl:ke_ln:kwon-18,c9fee267-67c6-4e14-9225-e5c3ac4478d6
10000774,fl:ha_ln:yamaguchi-13,7fa36de2-2f4b-4708-9b7e-cb2f05de7f85
10000016,fl:ra_ln:uttaro-1,65856b14-a97a-4c1e-bf85-4097056f3c1a
10000424,fl:do_ln:wing-1,cb611b09-7b38-4e94-bbe5-e2abf0385bd3
10000566,fl:ro_ln:lutz-4,e7e4d72b-6af5-4560-9108-0d3da98cfdf2
10000243,fl:yo_ln:iwano-5,87bbd77e-54e0-4d95-9c1b-7843963c09eb
10000383,fl:mi_ln:hirose-4,d5c16d3b-fe6d-438f-a46a-eed9d9a6b3b1
10000324,fl:ta_ln:takashiro-1,108df34e-1b79-4d31-b811-4508bd33dfb7
10000384,fl:xi_ln:xu-281,4e61fd34-7bff-47a0-a2e1-edb2b7b4826b
10000218,fl:jo_ln:friedrich-12,
10000762,fl:ja_ln:polashock-1,8e14c487-822f-4f93-bac6-17da47259f40
10000527,fl:po_ln:sudhir-1,e4d9f323-acf9-4a0b-adbc-81c1c2f2e6ab
10000583,fl:ga_ln:rempel-2,5c3ff3de-94d2-463e-afbc-3386f8e19ce8
10000136,fl:yo_ln:jang-67,ea96c059-5267-4b52-ac70-4cd0915c519e
10000537,fl:je_ln:nijland-1,8b8145db-7813-4fb1-9348-fadc8dc80042
10000150,fl:ta_ln:muramatsu-14,3540c8a2-9758-4484-b21a-1fb0a0d19963
10000636,fl:je_ln:morizur-3,46ce8539-7b8f-4304-a07e-bbb94bdb821a
10000470,fl:ha_ln:hong-63,9c1ff8bc-4516-42cc-8c52-bd100f68f2ac
10000035,fl:pa_ln:burke-6,362446db-3f2c-46f3-866e-5fa0c12a1319
10000493,fl:su_ln:paliwal-1,26d14adb-bc28-44da-a695-0f5d155de867
10000565,fl:ma_ln:fishman-4,0d463191-c5a9-497d-8037-4d6a85a6c5b2
10000192,fl:do_ln:shin-36,ad7af80f-fd53-482d-b38a-fc23e03332b4
10000160,fl:go_ln:michie-1,2a0e2048-3b1c-414b-8f1e-82d7c22bf3cc
10000481,fl:st_ln:ray-2,e67f7f78-5605-40c9-b647-c281533367cd
10000456,fl:ry_ln:clark-9,cfbe3073-5fb8-4a64-95d8-ced1a2e1188f
10000552,fl:qi_ln:xu-92,d5ebeb23-9831-4c6b-9c34-0fb2395cc1a8
10000382,fl:al_ln:zaderko-1,
10000484,fl:ya_ln:guo-36,5ed35e81-c079-4e8d-81c8-66eb133562c3
10000802,fl:mi_ln:amasio-1,f71b5728-698a-4f20-8a7a-a2e7413ef123
10000568,fl:su_ln:kane-3,48cfd410-c389-42eb-adc8-8e9b429b7f1c
10000617,fl:hs_ln:shao-4,6cccfcb4-1761-4afb-bd37-def24a3d1228
10000468,fl:be_ln:lam-8,8ff0736b-4451-4b45-a26a-9edf0d6c7638
10000263,fl:am_ln:farber-1,7d5947ad-5e45-497a-9c0f-ad44e5d2861e
10000514,fl:to_ln:horikoshi-2,35480b43-47f5-4c66-b16b-64e441db4ce0
10000719,fl:jo_ln:hartley-2,dc682f86-9ead-4f8b-8028-83dfbf117a4b
10000776,fl:mi_ln:fothergill-1,6ba691cc-cff4-4e01-80fb-9dc325558522
10000051,fl:je_ln:bradway-1,4840cedc-7dcd-4aa9-9d62-ee877f7ef128
10000656,fl:ak_ln:matsuyama-6,5b0b2179-927c-48dd-a8ee-211adb1d7e7a
10000196,fl:te_ln:cho-4,ea96c059-5267-4b52-ac70-4cd0915c519e
10000584,fl:zh_ln:wei-19,c7333c05-4c8c-4662-b547-6ff763f3957c
10000196,fl:je_ln:huh-13,ea96c059-5267-4b52-ac70-4cd0915c519e
10000063,fl:ta_ln:ozawa-3,877b4262-7552-45e3-adc3-c484b3095cf3
10000645,fl:cr_ln:peters-1,3dd38c18-3556-43ef-8bc3-188ff2afae8e
10000569,fl:mi_ln:cho-39,533e0469-baac-46b7-9576-669db08092eb
10000345,fl:la_ln:godard-2,24c01261-a6a2-4746-af0f-66a92be76b2f
10000592,fl:ra_ln:tupe-1,3e12a65b-6581-4c1b-be54-ea9bbca3b551
10000424,fl:ma_ln:faber-3,cb611b09-7b38-4e94-bbe5-e2abf0385bd3
10000396,fl:ad_ln:preiss-1,
10000645,fl:to_ln:lin-4,3dd38c18-3556-43ef-8bc3-188ff2afae8e
10000402,fl:lu_ln:ju-1,cb3d31d3-669f-4e6c-a788-30886ebf205e
10000417,fl:ke_ln:selkregg-1,d17dd399-4d91-407f-b686-459438d5db37
10000672,fl:be_ln:gordon-4,
10000503,fl:yu_ln:miyashita-12,77b0e539-7552-487c-8171-df9127f7fa66
10000355,fl:ei_ln:fukasawa-2,e738f13e-85d9-4790-a3a5-f56afc3b6fc1
10000547,fl:to_ln:weinschenk-1,24770c94-7830-432d-94ef-bfa28775b740
10000516,fl:ve_ln:gadhachanda-1,1b130916-6319-4d8b-808b-638f6845fe01
10000452,fl:al_ln:lacrue-1,b7b2eabd-0875-449f-b04c-82b6b5bf6d81
10000675,fl:ja_ln:pettit-8,
10000440,fl:fr_ln:geilen-1,b84319ea-3eb9-4374-bfc2-a8445d679e8b
10000501,fl:al_ln:crespo-2,5ed35e81-c079-4e8d-81c8-66eb133562c3
10000192,fl:se_ln:lee-134,ad7af80f-fd53-482d-b38a-fc23e03332b4
10000551,fl:ta_ln:ariel-3,acb86cf3-edca-4f76-b2b8-986aa17921c2
10000626,fl:su_ln:iyer-3,681bb272-dacd-4789-b8d1-1c43e9ed8fbf
10000420,fl:su_ln:chun-17,05fb44e9-52ed-4e34-8473-d10394362cfc
10000572,fl:la_ln:dumoutier-3,6b012dff-9445-4ee7-bc2f-51f1131545dd
10000041,fl:da_ln:nisiro-1,23c78aca-f76f-47dc-b02a-427fb8adb6be
10000139,fl:na_ln:lee-94,ea96c059-5267-4b52-ac70-4cd0915c519e
10000585,fl:ma_ln:shintani-9,47b2aabd-0c46-41f8-a686-945e6fbb7d08
10000674,fl:no_ln:reichelt-1,3e12a65b-6581-4c1b-be54-ea9bbca3b551
10000784,fl:we_ln:zhang-145,64dc9ab0-635f-4f31-a14e-cae82ac08d5f
10000781,fl:fr_ln:salinas-2,7b53cfb1-d127-4486-b74b-c70f1fb5b792
10000501,fl:ch_ln:madsenduggan-1,5ed35e81-c079-4e8d-81c8-66eb133562c3
10000515,fl:at_ln:tahara-1,c13d7573-c5e5-4622-8a6f-dc727383c685
10000559,fl:sh_ln:wu-3,05f6e24d-a0e1-4255-bb84-4c33da23ddda
10000616,fl:hi_ln:nakagawa-24,cce4e43c-b399-4555-9e34-908d78d906ef
10000107,fl:no_ln:miyamura-1,3603bc38-d35d-413a-b99d-007cfa49831b
10000502,fl:ia_ln:hickson-1,0c160b17-3bc0-4935-9b42-d7efae1f7a94
10000688,fl:ki_ln:raney-1,4f87fefb-2763-4236-ab35-57bee381a0fd
10000491,fl:ta_ln:furuuchi-2,82e98e34-7196-4412-be68-1b61b1085daa
10000804,fl:mi_ln:boycejacino-1,c7c7681d-1d55-4cb0-8171-2bbe9f4b237c
10000157,fl:ev_ln:fischer-3,a56281a8-1c41-4480-b26a-6ed955d79aa2
10000118,fl:sh_ln:mitsuishi-1,cb5367eb-ebac-459a-b013-d92860572522
10000079,fl:ta_ln:inaba-19,1548fb30-bae7-4aba-80da-e3dcf01b390b
10000620,fl:sh_ln:kaiho-4,a8fd3500-dbf0-4445-a810-ea9a275afdbd
10000790,fl:pi_ln:liang-3,3f3ca576-89e3-4667-b0e7-0d3978b40687
10000775,fl:zh_ln:rui-1,6ce04dde-f383-4923-8798-780d1a608ed6
10000785,fl:su_ln:jung-49,dc2459c5-bc00-4dca-9652-5f42145f7295
10000345,fl:ma_ln:buschmann-1,24c01261-a6a2-4746-af0f-66a92be76b2f
10000259,fl:jo_ln:machin-1,06feda91-b317-4433-b6ec-bc9852149c1b
10000502,fl:lu_ln:trabalonescolar-1,0c160b17-3bc0-4935-9b42-d7efae1f7a94
10000479,fl:sh_ln:cao-109,2177dec3-5ecf-445e-afaf-9250b3936aae
10000488,fl:sh_ln:fukumoto-25,8ff0736b-4451-4b45-a26a-9edf0d6c7638
10000639,fl:ge_ln:baybutt-1,99b27958-5274-4288-9c63-efe52815fb75
10000764,fl:ma_ln:takagi-27,87bbd77e-54e0-4d95-9c1b-7843963c09eb
10000408,fl:ja_ln:nieminen-4,fd3d8d73-9f4e-4eaf-98c3-138894dd384f
10000391,fl:he_ln:lee-30,32af5781-1f17-4d64-9a62-521c1f397b70
10000575,fl:de_ln:cochonneau-1,86c2526f-d40c-40fc-950a-0c3c2b2fa7ab
10000507,fl:we_ln:zhu-2,72acc50f-79a9-4681-9edd-d2163febe47c
10000198,fl:yu_ln:oshiro-3,87bbd77e-54e0-4d95-9c1b-7843963c09eb
10000459,fl:sa_ln:ravula-2,d78de1dd-210b-4044-b82f-0b9079527a17
10000440,fl:di_ln:maschmeyer-1,b84319ea-3eb9-4374-bfc2-a8445d679e8b
10000398,fl:sh_ln:an-4,3aee6da5-d0fc-4ad5-9310-091125eef3f1
10000598,fl:jo_ln:belbruno-1,1b7a8875-bb61-42f1-ac2b-55f006bc2f31
10000051,fl:ti_ln:clark-5,4840cedc-7dcd-4aa9-9d62-ee877f7ef128
10000121,fl:ti_ln:fitch-3,2576d873-c6b3-4109-948d-cc582495abb4
10000159,fl:kr_ln:hellman-1,8a03b7d9-0444-4dfc-9737-bf029c47a462
10000720,fl:an_ln:seibert-1,d6f138ea-5fbc-4de0-b58f-9080a787105f
10000058,fl:to_ln:yamada-83,877b4262-7552-45e3-adc3-c484b3095cf3
10000572,fl:je_ln:renauld-3,6b012dff-9445-4ee7-bc2f-51f1131545dd
10000713,fl:jo_ln:mak-7,92715d35-ccf8-4e8e-899d-f21db7e59a99
10000699,fl:ha_ln:arbell-2,fb3292e6-a6fc-48ad-b6b6-5f277bd659ba
10000472,fl:me_ln:he-7,0cf48b4e-7fb2-4718-bc4b-f9316db9d8bd
10000559,fl:da_ln:janecki-1,05f6e24d-a0e1-4255-bb84-4c33da23ddda
10000387,fl:fa_ln:oezkirim-1,d6f138ea-5fbc-4de0-b58f-9080a787105f
10000635,fl:in_ln:kim-27,c9fee267-67c6-4e14-9225-e5c3ac4478d6
10000032,fl:ge_ln:engler-1,1d02968d-fe07-4a71-8252-5b0be2f62160
10000261,fl:je_ln:lizzio-1,
10000682,fl:ch_ln:bouguetta-1,187558cf-924c-4d78-a3c6-6143c2e8023d
10000717,fl:al_ln:schilowitz-1,898a3069-7836-4817-b078-0a270550711b
10000637,fl:ga_ln:yin-5,d6f138ea-5fbc-4de0-b58f-9080a787105f
10000136,fl:ju_ln:park-79,ea96c059-5267-4b52-ac70-4cd0915c519e
10000482,fl:mi_ln:almstetter-1,c437739f-5caf-410e-98ee-a05aeade9249
10000649,fl:ka_ln:jonai-1,61d83c1e-07f8-4d40-a75a-1d46886685e0
10000551,fl:yo_ln:shaaltiel-1,acb86cf3-edca-4f76-b2b8-986aa17921c2
10000256,fl:yu_ln:nishimoto-7,222264bc-5220-40eb-8a6e-a2d1088af14f
10000107,fl:hi_ln:hamamoto-8,3603bc38-d35d-413a-b99d-007cfa49831b
10000723,fl:ch_ln:bartlett-1,1eb4a43d-8330-47b5-ae3e-322d9db88d80
10000679,fl:yo_ln:takezawa-6,2a5fd84a-89e0-4962-aa61-a5bcbaee0a82
10000066,fl:ta_ln:nakai-27,5b0b2179-927c-48dd-a8ee-211adb1d7e7a
10000274,fl:je_ln:loyet-1,d741637e-71a6-4101-a7db-0c2ba20a2958
10000489,fl:as_ln:hancock-1,ad792ebb-0032-4c12-bab4-6bfa8f84fd6c
10000024,fl:kw_ln:choi-30,8c40b2c4-17fd-462d-970e-4b8004ed1372
10000603,fl:aa_ln:baldwin-1,f42b3ee0-57d2-4044-8b94-bbd100823922
10000374,fl:mi_ln:stumber-1,1c631b96-8301-4819-bd8c-2e69e2ef6c76
10000183,fl:ma_ln:mages-3,4063e1f8-22c6-44ca-96ce-67a6f439a148
10000752,fl:ol_ln:khorkovasherman-1,d00b8c7a-e5cb-4db6-b59e-540072232616
10000766,fl:ya_ln:huang-4,180b548e-0a57-40e6-8834-56b994322645
10000007,fl:al_ln:huber-4,5f83d790-2a6a-421e-8d6c-6da6e6869187
10000612,fl:ji_ln:xiong-6,d0fae399-ca75-40ad-8d3d-c2fadfae99f7
10000548,fl:ga_ln:rabinovich-1,a1d7a6e7-e246-48b1-bb47-01becc9cbf43
10000403,fl:ko_ln:kamiya-2,30211f56-d5f7-4eea-927e-1ae960f29170
10000036,fl:ji_ln:kang-14,ca3ac0a6-f44b-45c7-8816-bc2b1d409e84
10000385,fl:da_ln:jacob-4,3460c230-9de9-4732-95e6-61200ea9ba56
10000262,fl:sh_ln:ueno-29,3344a94c-ed9c-4eef-bed6-4db204c76ba8
10000653,fl:cl_ln:bosnyak-1,a93f3703-1f70-464a-8657-23debcb00bf4
10000738,fl:yu_ln:cao-74,b23756fb-7ef6-42eb-b878-2c9148f97831
10000018,fl:sc_ln:myers-6,38cff6e0-fc52-4faf-9fa9-b72912600dee
10000061,fl:to_ln:shimizu-80,877b4262-7552-45e3-adc3-c484b3095cf3
10000712,fl:pa_ln:hanks-2,898a3069-7836-4817-b078-0a270550711b
10000463,fl:ei_ln:okanari-1,b5ac98b7-7d2d-4a11-88f2-7dbae02fd5b9
10000127,fl:xu_ln:wang-191,054151c1-dfc8-4b6a-b559-15e6d667e92b
10000586,fl:ol_ln:windt-1,bd7178d1-7337-4396-8e76-b53871bb6083
10000242,fl:en_ln:chavez-1,b94e5b04-59ec-4ba1-b0bf-39ad49e3428b
10000481,fl:ch_ln:graham-23,e67f7f78-5605-40c9-b647-c281533367cd
10000240,fl:ko_ln:takahashi-48,7fd570bb-8d88-4ad9-832b-532add7b7500
10000135,fl:yo_ln:fukushima-28,cb5367eb-ebac-459a-b013-d92860572522
10000272,fl:fr_ln:triulzi-1,d79a06a7-fbdc-4bbe-b42b-acf5f1c90544
10000090,fl:ko_ln:hasegawa-20,5f91f492-1976-4ca8-81b1-044d8485c1b3
10000027,fl:kl_ln:voth-1,4b8f021f-e3f1-4159-8372-29e1e3573a1e
10000701,fl:to_ln:ishida-27,65201550-2431-487e-9211-a0ed5fe16631
10000644,fl:sh_ln:shokri-2,d741637e-71a6-4101-a7db-0c2ba20a2958
10000006,fl:ma_ln:saelen-1,bbef70eb-0952-4b89-997a-54831dcadcd5
10000037,fl:ki_ln:nishimura-5,2d98cfae-83e2-4f9f-b7c4-92b52fab8e9b
10000152,fl:je_ln:rubenstein-3,8221f7eb-ecf0-4dde-97e8-36912378bc43
10000801,fl:da_ln:kim-103,1b078ccb-5c57-498a-ab56-5f05a970d760
10000632,fl:da_ln:thompson-71,3f926e2c-f613-4332-8c6d-b0485cd49886
10000799,fl:an_ln:marziali-1,53f7ddde-2413-4266-9c14-7a0424206362
10000490,fl:lu_ln:dipietro-3,6a83f076-7e5d-4134-a899-95970c847778
10000186,fl:ji_ln:le-6,8a03b7d9-0444-4dfc-9737-bf029c47a462
10000620,fl:ko_ln:yamauchi-3,a8fd3500-dbf0-4445-a810-ea9a275afdbd
10000664,fl:ma_ln:nakajima-15,65201550-2431-487e-9211-a0ed5fe16631
10000419,fl:ma_ln:lizcano-1,e3275ff7-65e8-4f76-bd4d-db7033d48bdb
10000033,fl:al_ln:denis-1,e52fc61a-feee-43ab-a512-472488bdd45b
10000328,fl:br_ln:johnson-99,
10000079,fl:hi_ln:jo-4,1548fb30-bae7-4aba-80da-e3dcf01b390b
10000528,fl:in_ln:starke-1,35717acb-7566-431d-a76b-6becdd7fb368
10000260,fl:ri_ln:rikoski-1,46a62846-d998-4852-a31f-5e865ef5fa36
10000575,fl:my_ln:dorvillius-2,86c2526f-d40c-40fc-950a-0c3c2b2fa7ab
10000712,fl:wi_ln:novak-4,898a3069-7836-4817-b078-0a270550711b
10000054,fl:lu_ln:halbach-1,d2d37e3d-a1f6-4c1f-bcf3-194e88d29eaf
10000476,fl:yo_ln:sumikawa-1,0ae2b86d-756f-4802-b90e-468c0c68d012
10000447,fl:lo_ln:perelman-1,aff59855-e1cd-4810-b136-18c3a1a847bd
10000493,fl:do_ln:scherer-2,26d14adb-bc28-44da-a695-0f5d155de867
10000289,fl:ch_ln:rann-1,76b79e1b-95a7-4b16-b2a4-e6c64a1c334b
10000666,fl:je_ln:hernandeztorres-1,460e5eaf-db8a-422b-bfe3-f51dbc1f1670
10000516,fl:qi_ln:wang-25,1b130916-6319-4d8b-808b-638f6845fe01
10000117,fl:ke_ln:young-28,3fc185a1-f6a4-495d-90c1-7e61edd027f7
10000721,fl:an_ln:konicek-1,898a3069-7836-4817-b078-0a270550711b
10000204,fl:do_ln:kim-87,ea96c059-5267-4b52-ac70-4cd0915c519e
10000117,fl:da_ln:giles-6,3fc185a1-f6a4-495d-90c1-7e61edd027f7
10000680,fl:do_ln:bhagwagar-1,cb679c87-4fbf-4b54-8498-c6710a0997b6
10000548,fl:sa_ln:huergo-1,a1d7a6e7-e246-48b1-bb47-01becc9cbf43
10000557,fl:me_ln:norvell-1,6aa04bed-c285-4d3f-81b9-052ec1e399ce
10000622,fl:no_ln:mizobe-1,135778b4-1533-474d-adb6-e1bd09ee42ee
10000639,fl:ro_ln:jackson-26,99b27958-5274-4288-9c63-efe52815fb75
10000417,fl:il_ln:lenarduzzi-1,d17dd399-4d91-407f-b686-459438d5db37
10000440,fl:ro_ln:franke-5,b84319ea-3eb9-4374-bfc2-a8445d679e8b
10000373,fl:ca_ln:diaz-8,88c962da-6df3-4f86-85ba-14c24c3cb600
10000559,fl:ch_ln:alderfer-1,05f6e24d-a0e1-4255-bb84-4c33da23ddda
10000570,fl:pa_ln:parren-1,908f1b87-7dbd-48f6-b2a3-081404a542aa
10000739,fl:no_ln:shiraki-1,fad804ce-646a-4c2b-96a5-eea7d3bf5038
10000539,fl:ha_ln:singh-9,c3a5cc28-8840-4deb-8a32-342a07fea443
10000513,fl:me_ln:cinar-1,f4534d68-58ee-4607-947c-d8b77375e377
10000529,fl:st_ln:munk-3,04aa84e6-11ce-4b28-aa13-d6ccb5f25e68
10000605,fl:yo_ln:geronov-1,9bcbd6bc-2e70-4a70-be62-c036eb5915d8
10000707,fl:ma_ln:taylor-85,4ece8167-3ed4-486b-8400-ca5941df86dd
10000591,fl:ra_ln:gerlofsma-1,7ff46aad-920a-4a06-97cb-791a4cd70773
10000503,fl:ry_ln:okada-8,77b0e539-7552-487c-8171-df9127f7fa66
10000763,fl:yu_ln:inoue-6,7fa36de2-2f4b-4708-9b7e-cb2f05de7f85
10000778,fl:ma_ln:medoff-2,42bdb45f-59a2-4258-976a-65174c055a91
10000634,fl:at_ln:kawano-1,a81f90ea-a4a9-40e9-8978-466148b6c116
10000548,fl:sa_ln:dilella-1,a1d7a6e7-e246-48b1-bb47-01becc9cbf43
10000625,fl:ta_ln:ueki-6,f9e8335f-9ea6-40f6-8fa6-55a706cccc6a
10000803,fl:pa_ln:deshpande-4,c7c7681d-1d55-4cb0-8171-2bbe9f4b237c
10000414,fl:ra_ln:turpin-2,f61fe707-a96f-4a90-9f8a-edbafb71b7d3
10000602,fl:hi_ln:nava-1,b292ff06-e9d3-4b36-85c2-6ddb30460c52
10000513,fl:em_ln:tekin-1,f4534d68-58ee-4607-947c-d8b77375e377
10000461,fl:se_ln:gibanel-1,99e7c805-e4f5-4328-8486-c799383c6640
10000671,fl:gu_ln:dreezen-1,abcbd384-f467-440e-9187-b2162660670b
10000741,fl:ja_ln:neitz-1,529aba7a-51fb-4169-89bf-a47183bc52da
10000128,fl:wi_ln:redmann-1,3229dd75-9405-4047-afee-965c3bf05ce0
10000795,fl:ad_ln:jackson-9,35cbff16-2d8e-49b7-be85-60051ad41f95
10000111,fl:ju_ln:makita-1,e1184f58-2abf-4514-bc41-abe687741480
10000626,fl:jo_ln:spagnola-1,681bb272-dacd-4789-b8d1-1c43e9ed8fbf
10000450,fl:no_ln:ito-6,15dab51e-5b68-4017-be03-a990ed1b392a
10000790,fl:ha_ln:yu-80,3f3ca576-89e3-4667-b0e7-0d3978b40687
10000480,fl:da_ln:weinstein-8,2ebba3c5-ebc0-4f3b-b91b-262d86c832e1
10000502,fl:li_ln:meerpoel-1,0c160b17-3bc0-4935-9b42-d7efae1f7a94
10000047,fl:de_ln:li-133,0a2ca7a5-d6b5-4061-bfc1-6c70bae2aaf6
10000288,fl:ja_ln:delagarza-1,79b7e1b7-26f6-4881-bffc-f8ab73102a2c
10000634,fl:ke_ln:yoshiyama-1,a81f90ea-a4a9-40e9-8978-466148b6c116
10000074,fl:na_ln:leoni-4,d1097181-f21f-4cfa-995a-7f16d587ea4a
10000039,fl:me_ln:szlosek-1,04a61266-6d17-4d03-9179-b30f925e473d
10000717,fl:ol_ln:schueller-1,898a3069-7836-4817-b078-0a270550711b
10000755,fl:ca_ln:candrilli-1,f59e43f2-7044-4977-a926-6b8a690d8c86
10000179,fl:ya_ln:miyata-13,a9fb0e97-631f-47e1-97a2-4d1dc139e34f
10000768,fl:dr_ln:shalitin-1,1e2866af-069c-4a1d-9848-19755c7fe2e1
10000495,fl:st_ln:ioannidis-2,5bc880cc-b613-492d-9697-5dfbe999254a
10000104,fl:je_ln:paenhuysen-1,1f99e6e5-1de9-49ae-b056-ddd9612c0747
10000687,fl:su_ln:ayirala-2,0350699e-0a64-42b6-8f35-7b721f8cb4dd
10000579,fl:pu_ln:kumari-2,e4d9f323-acf9-4a0b-adbc-81c1c2f2e6ab
10000112,fl:bh_ln:thota-1,8a03b7d9-0444-4dfc-9737-bf029c47a462
10000510,fl:va_ln:jurkauskas-2,5ed35e81-c079-4e8d-81c8-66eb133562c3
10000144,fl:an_ln:flores-6,bd1dc09e-e55d-4d1b-a297-f511767d5be6
10000171,fl:mo_ln:shenaq-1,8a03b7d9-0444-4dfc-9737-bf029c47a462
10000769,fl:th_ln:wolfe-1,df177dc9-2bab-4962-a377-7bc58538742c
10000570,fl:ar_ln:labrijn-1,908f1b87-7dbd-48f6-b2a3-081404a542aa
10000010,fl:do_ln:fess-1,4840cedc-7dcd-4aa9-9d62-ee877f7ef128
10000643,fl:an_ln:chafin-1,a8ff5b01-5396-4174-bd3b-0245cf192b9b
10000655,fl:eu_ln:her-1,fd3b4ed9-fb12-4866-9885-282c43154b89
10000731,fl:em_ln:masoud-1,030289c2-9373-4c97-a742-40a5de39cbd7
10000764,fl:no_ln:mitsuda-1,87bbd77e-54e0-4d95-9c1b-7843963c09eb
10000651,fl:se_ln:lee-422,ed9722a5-c905-4ae9-9210-08a542017582
10000773,fl:mi_ln:schalk-2,eef68cc9-5c36-4203-9968-97cd715613d5
10000513,fl:al_ln:buyruk-1,f4534d68-58ee-4607-947c-d8b77375e377
10000159,fl:an_ln:huebner-1,8a03b7d9-0444-4dfc-9737-bf029c47a462
10000587,fl:in_ln:knack-1,63b72bac-74a0-452f-b38d-ef13875ae4ea
10000805,fl:th_ln:pham-59,bcb5216e-a621-4c83-b12a-355d7ad3d3a8
10000537,fl:pa_ln:klaassen-1,8b8145db-7813-4fb1-9348-fadc8dc80042
10000662,fl:ma_ln:khusrawy-1,1a7ba982-b7ee-471c-813a-457839a13730
10000248,fl:yo_ln:ito-49,b527909c-4c06-4196-a8f5-3d0c3301fb69
10000065,fl:be_ln:moriarty-1,d741637e-71a6-4101-a7db-0c2ba20a2958
10000449,fl:ni_ln:gustafssonsheppard-1,db8db963-cc59-44ec-b4b4-0b6fc768d731
10000602,fl:wi_ln:schramm-1,b292ff06-e9d3-4b36-85c2-6ddb30460c52
10000725,fl:ja_ln:kieffer-2,6ca11cca-066f-4f69-990a-dafa1665ef9d
10000454,fl:hu_ln:josien-1,5ed35e81-c079-4e8d-81c8-66eb133562c3
10000500,fl:th_ln:kirkland-3,ea543a19-e0f2-49d2-a07a-31979f6350e0
10000343,fl:to_ln:shimada-9,a637a1ae-00dc-4fdd-9d39-256389094e27
10000354,fl:pe_ln:zou-1,1548fb30-bae7-4aba-80da-e3dcf01b390b
10000269,fl:br_ln:maust-1,89a8ed8d-dcaa-46eb-93fd-e8b6fed97f68
10000554,fl:sh_ln:li-903,486914ea-74ad-4f84-afad-74f5cdf28b4a
10000747,fl:li_ln:chen-595,0b3e2604-cb45-4056-9f33-00c6ed2fb197
10000504,fl:pi_ln:wigerinck-1,7aebffc8-c7f6-4d0d-b661-a27983a7f654
10000430,fl:ca_ln:grande-2,55054898-6f4b-4846-95d5-6435aece606f
10000465,fl:as_ln:alimardanov-1,56d31b59-a481-484b-aa34-04f67a96f3f5
10000514,fl:se_ln:choi-95,35480b43-47f5-4c66-b16b-64e441db4ce0
10000505,fl:ar_ln:ghosh-6,4e61fd34-7bff-47a0-a2e1-edb2b7b4826b
10000019,fl:mi_ln:evens-1,d741637e-71a6-4101-a7db-0c2ba20a2958
10000032,fl:th_ln:spiesshofer-1,1d02968d-fe07-4a71-8252-5b0be2f62160
10000237,fl:ma_ln:katoh-24,87bbd77e-54e0-4d95-9c1b-7843963c09eb
10000561,fl:da_ln:miller-120,0d463191-c5a9-497d-8037-4d6a85a6c5b2
10000229,fl:ta_ln:ito-105,93171645-3a55-48c7-b2d0-9e5c1d3a1a74
10000339,fl:do_ln:forgie-1,ab16fe16-98b3-4d1c-9f4b-73980a1d118c
10000450,fl:ku_ln:tai-13,15dab51e-5b68-4017-be03-a990ed1b392a
10000764,fl:ky_ln:matsui-1,87bbd77e-54e0-4d95-9c1b-7843963c09eb
10000540,fl:ji_ln:lee-486,2d115ccc-959c-4bf3-b520-9c3237a15f77
10000056,fl:se_ln:kuroda-2,6145eccf-2944-4bfc-8a82-e87bfce4d434
10000383,fl:ts_ln:watanabe-12,d5c16d3b-fe6d-438f-a46a-eed9d9a6b3b1
10000219,fl:st_ln:drexler-1,f68061b9-5827-43c8-8f62-33cae08b6d16
10000405,fl:je_ln:nemire-1,26413b1f-e08f-4576-a5ce-5c2d37650c9e
10000450,fl:to_ln:shinohara-1,15dab51e-5b68-4017-be03-a990ed1b392a
10000808,fl:ce_ln:barrie-1,7d50b3f9-b0c8-4ed6-8cc8-39a7066a0900
10000504,fl:da_ln:thone-2,7aebffc8-c7f6-4d0d-b661-a27983a7f654
10000199,fl:ho_ln:luo-35,761899f6-0ac9-4937-8574-812df5d3ab00
10000054,fl:fr_ln:schumann-2,d2d37e3d-a1f6-4c1f-bcf3-194e88d29eaf
10000299,fl:wa_ln:ashmawi-1,d741637e-71a6-4101-a7db-0c2ba20a2958
10000212,fl:ki_ln:shin-32,ea96c059-5267-4b52-ac70-4cd0915c519e
10000108,fl:hi_ln:kobayashi-58,1d443c32-beaa-448d-b67c-2e60c804fd0a
10000379,fl:ge_ln:sprachmann-2,4f87fefb-2763-4236-ab35-57bee381a0fd
10000454,fl:zh_ln:chen-60,5ed35e81-c079-4e8d-81c8-66eb133562c3
10000350,fl:ke_ln:hirata-18,1548fb30-bae7-4aba-80da-e3dcf01b390b
10000258,fl:ti_ln:curtis-4,4291f292-35e3-425b-b78e-2b3e17385fdb
10000718,fl:ma_ln:kuilder-1,8210278c-33be-4cd6-b948-9e8c205381a4
10000561,fl:ma_ln:edwards-5,0d463191-c5a9-497d-8037-4d6a85a6c5b2
10000581,fl:da_ln:thompson-52,4e61fd34-7bff-47a0-a2e1-edb2b7b4826b
10000333,fl:th_ln:young-12,
10000790,fl:yi_ln:xiao-10,3f3ca576-89e3-4667-b0e7-0d3978b40687
10000268,fl:ya_ln:foltice-1,b4ec4fdd-ad18-4e9c-b28c-a5ff1b10959e
10000450,fl:ya_ln:sakata-1,15dab51e-5b68-4017-be03-a990ed1b392a
10000167,fl:no_ln:matsumoto-15,3ea2dc97-f5aa-4931-a0d1-73f5370f56ce
10000135,fl:ma_ln:konno-18,cb5367eb-ebac-459a-b013-d92860572522
10000747,fl:na_ln:lin-2,0b3e2604-cb45-4056-9f33-00c6ed2fb197
10000700,fl:sh_ln:taniguchi-36,ed9722a5-c905-4ae9-9210-08a542017582
10000063,fl:ma_ln:yamaguchi-23,877b4262-7552-45e3-adc3-c484b3095cf3
10000803,fl:mi_ln:xiao-12,c7c7681d-1d55-4cb0-8171-2bbe9f4b237c
10000294,fl:ba_ln:evosevich-1,d741637e-71a6-4101-a7db-0c2ba20a2958
10000009,fl:na_ln:maier-2,
10000208,fl:ya_ln:suzuki-46,cb5367eb-ebac-459a-b013-d92860572522
10000520,fl:ma_ln:migaud-1,ce74c071-8b39-4153-83bb-1bd917309b45
10000500,fl:th_ln:machleidt-1,ea543a19-e0f2-49d2-a07a-31979f6350e0
10000685,fl:cr_ln:roddy-1,0ed3b5da-e166-4ce8-bb57-768914cc7e2e
10000686,fl:da_ln:zielinski-2,5085d286-8417-45a6-82c8-68bdf751514d
10000578,fl:mo_ln:hunsen-1,41c3267b-83f3-4289-b411-e75085a6e236
10000642,fl:ra_ln:korenstein-1,a45783ae-9cec-49bc-bc2e-7b064aaa5907
10000437,fl:lo_ln:schwarzmayr-1,b34f726f-c6f5-4e9c-b39b-3be08fd1e36a
10000644,fl:al_ln:corona-5,d741637e-71a6-4101-a7db-0c2ba20a2958
10000626,fl:th_ln:klun-2,681bb272-dacd-4789-b8d1-1c43e9ed8fbf
10000770,fl:ch_ln:schilling-4,ce0361d0-ee07-49b9-8ed0-236bd6210f06
10000214,fl:an_ln:puri-5,e7dc6a46-5a07-45ec-87b6-8a113ab02e99
10000553,fl:ma_ln:baca-7,8cc2701d-1308-41bb-89f3-d80d97cf4321
10000254,fl:ak_ln:inoue-21,222264bc-5220-40eb-8a6e-a2d1088af14f
10000573,fl:ke_ln:sastry-3,846ef848-d2a5-4f29-a152-0b79330db52a
10000506,fl:fa_ln:yuan-4,e0f1ff12-ec1b-436b-8bf9-e723858e8a6a
10000450,fl:ak_ln:watanabe-3,15dab51e-5b68-4017-be03-a990ed1b392a
10000665,fl:ro_ln:karunanandan-1,26bf7fa7-3704-4263-b7d8-33206935e460
10000065,fl:ri_ln:baker-19,d741637e-71a6-4101-a7db-0c2ba20a2958
10000450,fl:sh_ln:miyamura-1,15dab51e-5b68-4017-be03-a990ed1b392a
10000753,fl:ti_ln:mao-7,625e454f-d5ae-47e7-8309-6e2f4e2b19d6
10000454,fl:ch_ln:plummer-1,5ed35e81-c079-4e8d-81c8-66eb133562c3
10000717,fl:mi_ln:white-29,898a3069-7836-4817-b078-0a270550711b
10000203,fl:da_ln:colvin-3,8a03b7d9-0444-4dfc-9737-bf029c47a462
10000417,fl:ro_ln:heidrich-1,d17dd399-4d91-407f-b686-459438d5db37
10000488,fl:sa_ln:yamamoto-10,8ff0736b-4451-4b45-a26a-9edf0d6c7638
10000221,fl:ry_ln:knapp-1,40f7bea0-f776-45ca-819d-da1b334c84f3
10000397,fl:ma_ln:hildebrand-7,
10000378,fl:ak_ln:sawata-1,74c11be2-20ec-49fe-ac26-d839d375bd32
10000269,fl:jo_ln:weber-30,89a8ed8d-dcaa-46eb-93fd-e8b6fed97f68
10000479,fl:gi_ln:cianchetta-1,2177dec3-5ecf-445e-afaf-9250b3936aae
10000735,fl:ky_ln:lee-453,de395345-1ff2-45f5-8be1-90ef35ade92e
10000653,fl:ku_ln:swogger-1,a93f3703-1f70-464a-8657-23debcb00bf4
10000698,fl:pe_ln:cohen-6,aed52f28-fd48-44e3-beb6-177540d662d9
10000419,fl:di_ln:santiago-3,e3275ff7-65e8-4f76-bd4d-db7033d48bdb
10000730,fl:iv_ln:goryachev-1,2d523d75-71da-4e61-bb37-8fe3a9129e23
10000534,fl:eu_ln:kim-10,1c61d0a1-2219-4521-8f7c-e7ebf38a684b
10000176,fl:eu_ln:riesen-1,8a03b7d9-0444-4dfc-9737-bf029c47a462
10000152,fl:ro_ln:scalea-1,8221f7eb-ecf0-4dde-97e8-36912378bc43
10000321,fl:ja_ln:favaron-1,d529987e-1cd9-4a30-ae1a-284ec1d6bfad
10000216,fl:li_ln:jonsson-1,97ed5df6-7345-49c0-b1b8-42a1ec75baf1
10000552,fl:li_ln:wei-14,d5ebeb23-9831-4c6b-9c34-0fb2395cc1a8
10000270,fl:hi_ln:maeno-7,cb3e4fb0-80fb-4110-8684-4b563c54eee5
10000770,fl:re_ln:black-1,ce0361d0-ee07-49b9-8ed0-236bd6210f06
10000021,fl:yo_ln:higashi-12,6145eccf-2944-4bfc-8a82-e87bfce4d434
10000751,fl:kl_ln:hochleitner-1,b904f566-62d6-44a5-8689-7b5c5a3a1a19
10000175,fl:je_ln:coon-4,
10000740,fl:ni_ln:hannan-1,ff62b737-9474-45de-a609-b18f9aed1be3
10000140,fl:do_ln:lee-258,ea96c059-5267-4b52-ac70-4cd0915c519e
10000257,fl:he_ln:brigham-1,871114e5-4449-4086-9a7a-1b9bf3e0f21c
10000433,fl:be_ln:harvey-7,a8ff5b01-5396-4174-bd3b-0245cf192b9b
10000721,fl:pe_ln:jacobs-3,898a3069-7836-4817-b078-0a270550711b
10000373,fl:hs_ln:chen-276,88c962da-6df3-4f86-85ba-14c24c3cb600
10000484,fl:do_ln:kim-325,5ed35e81-c079-4e8d-81c8-66eb133562c3
10000401,fl:ma_ln:fox-26,d46b77b1-bec7-4519-a9ac-5372d1d8a184
10000724,fl:al_ln:mahdevari-1,3ce3b54a-bdbd-4b73-ac55-cbabc845e9b4
10000634,fl:at_ln:seiki-1,a81f90ea-a4a9-40e9-8978-466148b6c116
10000550,fl:me_ln:thiemann-2,abc42262-d181-4fc9-a08b-bb4e675b2ebe
10000641,fl:ka_ln:richterova-1,6ca11cca-066f-4f69-990a-dafa1665ef9d
10000480,fl:ch_ln:liu-780,2ebba3c5-ebc0-4f3b-b91b-262d86c832e1
10000347,fl:mi_ln:newton-17,
10000646,fl:ch_ln:liang-160,5528e5b8-525d-4777-ab7d-d9f5880f6e52
10000631,fl:ma_ln:amano-16,a8f981e4-395b-49e6-9c4d-391411bb6b67
10000417,fl:lu_ln:batagelj-1,d17dd399-4d91-407f-b686-459438d5db37
10000222,fl:jo_ln:sanfilippo-5,ab16fe16-98b3-4d1c-9f4b-73980a1d118c
10000028,fl:th_ln:hanschen-1,681bb272-dacd-4789-b8d1-1c43e9ed8fbf
10000480,fl:sh_ln:lin-556,2ebba3c5-ebc0-4f3b-b91b-262d86c832e1
10000786,fl:ei_ln:hakalehto-1,
10000656,fl:ta_ln:yamazaki-24,5b0b2179-927c-48dd-a8ee-211adb1d7e7a
10000415,fl:ko_ln:kono-3,391165c9-dd71-4a3b-a0a8-ead9a8ff2fdd
10000560,fl:ta_ln:kuramochi-8,3ca688ad-503b-4ac0-ad16-94db35c6253e
10000205,fl:ke_ln:koshiba-1,cb5367eb-ebac-459a-b013-d92860572522
10000734,fl:an_ln:laitinen-1,6710c4d3-5aad-4b5f-9212-a75e9718009d
10000495,fl:ad_ln:talbot-1,5bc880cc-b613-492d-9697-5dfbe999254a
10000521,fl:zu_ln:suo-1,af5c1081-2d5b-4ea8-8675-beb0164749e7
10000571,fl:ya_ln:wu-239,b354988b-6671-409f-a03a-179009ca49d2
10000061,fl:yo_ln:naganuma-5,877b4262-7552-45e3-adc3-c484b3095cf3
10000345,fl:st_ln:fickeisen-1,24c01261-a6a2-4746-af0f-66a92be76b2f
10000019,fl:ka_ln:ferguson-3,d741637e-71a6-4101-a7db-0c2ba20a2958
10000576,fl:ma_ln:sanches-3,96b3a56a-e999-4c36-8416-3937d7a3c958
10000601,fl:sh_ln:li-177,3ce3b54a-bdbd-4b73-ac55-cbabc845e9b4
10000706,fl:le_ln:benum-2,4ece8167-3ed4-486b-8400-ca5941df86dd
10000793,fl:si_ln:cairns-1,a72a0b17-258c-4af4-9876-d45d4182c9cb
10000652,fl:hi_ln:fukutani-2,
10000641,fl:al_ln:naraghi-1,6ca11cca-066f-4f69-990a-dafa1665ef9d
10000236,fl:hi_ln:otake-16,87bbd77e-54e0-4d95-9c1b-7843963c09eb
10000272,fl:st_ln:mortara-1,d79a06a7-fbdc-4bbe-b42b-acf5f1c90544
10000568,fl:he_ln:haack-1,48cfd410-c389-42eb-adc8-8e9b429b7f1c
10000241,fl:re_ln:choudhury-1,8a03b7d9-0444-4dfc-9737-bf029c47a462
10000589,fl:yv_ln:denkwitz-1,b11bc136-5690-4c51-873f-cb43246f3ab8
10000037,fl:em_ln:yoshida-1,2d98cfae-83e2-4f9f-b7c4-92b52fab8e9b
10000031,fl:ke_ln:elliott-2,cb611b09-7b38-4e94-bbe5-e2abf0385bd3
10000502,fl:gi_ln:bignan-1,0c160b17-3bc0-4935-9b42-d7efae1f7a94
10000762,fl:sc_ln:baerson-1,8e14c487-822f-4f93-bac6-17da47259f40
10000343,fl:ta_ln:moriwaki-7,a637a1ae-00dc-4fdd-9d39-256389094e27
10000468,fl:ja_ln:brown-90,8ff0736b-4451-4b45-a26a-9edf0d6c7638
10000738,fl:ji_ln:bi-3,b23756fb-7ef6-42eb-b878-2c9148f97831
10000780,fl:ch_ln:ullmann-1,55054898-6f4b-4846-95d5-6435aece606f
10000493,fl:mo_ln:huttenloch-1,26d14adb-bc28-44da-a695-0f5d155de867
10000765,fl:fu_ln:taguchi-1,94322301-cd60-49cb-85db-fd6c00b43412
10000651,fl:ak_ln:takahashi-1,ed9722a5-c905-4ae9-9210-08a542017582
10000409,fl:jo_ln:mauro-3,cb611b09-7b38-4e94-bbe5-e2abf0385bd3
10000732,fl:ch_ln:hsu-689,69de46fa-f86d-453b-bdef-daf2fceed21f
10000588,fl:al_ln:williams-100,d4286989-7501-4e2c-9d01-bfab4107b3fc
10000198,fl:yu_ln:iwase-5,87bbd77e-54e0-4d95-9c1b-7843963c09eb
10000341,fl:te_ln:eernissee-1,7a2a9b74-f001-4054-b105-83b7c9d1f62d
10000622,fl:ta_ln:takeda-10,135778b4-1533-474d-adb6-e1bd09ee42ee
10000063,fl:ta_ln:mizutani-11,877b4262-7552-45e3-adc3-c484b3095cf3
10000635,fl:ch_ln:hong-111,c9fee267-67c6-4e14-9225-e5c3ac4478d6
10000184,fl:ta_ln:osaki-14,74c11be2-20ec-49fe-ac26-d839d375bd32
10000457,fl:al_ln:mirandaolvera-1,95c17e69-7d40-4b70-a679-7aabf5072379
10000552,fl:ju_ln:yan-5,d5ebeb23-9831-4c6b-9c34-0fb2395cc1a8
10000301,fl:dw_ln:williams-3,7fce9e9e-dff7-4d40-9f87-35d29249359a
10000257,fl:ca_ln:brigham-1,871114e5-4449-4086-9a7a-1b9bf3e0f21c
10000022,fl:an_ln:decarmine-1,ab0e7b33-de4e-41f8-a553-ee4665499a2d
10000502,fl:pe_ln:connolly-3,0c160b17-3bc0-4935-9b42-d7efae1f7a94
10000206,fl:ta_ln:tanaka-107,87bbd77e-54e0-4d95-9c1b-7843963c09eb
10000748,fl:er_ln:seifried-1,bdc353b5-11b6-46a0-9bc8-b531f9ddcc96
10000467,fl:gr_ln:hermanson-2,3f2e8d11-c60e-4ba2-8202-f27731d63cb9
10000463,fl:no_ln:iwase-2,b5ac98b7-7d2d-4a11-88f2-7dbae02fd5b9
10000743,fl:ka_ln:konishi-19,0f78f41b-4cd8-40fe-9bc2-4b602173c4a2
10000500,fl:an_ln:shakhmin-1,ea543a19-e0f2-49d2-a07a-31979f6350e0
10000535,fl:al_ln:lederer-1,4bfd9d83-10ab-4b46-b0b3-cb7f0ed81393
10000535,fl:fr_ln:jung-1,4bfd9d83-10ab-4b46-b0b3-cb7f0ed81393
10000570,fl:st_ln:loverix-1,908f1b87-7dbd-48f6-b2a3-081404a542aa
10000605,fl:ma_ln:banister-1,9bcbd6bc-2e70-4a70-be62-c036eb5915d8
10000489,fl:jo_ln:pritchard-4,ad792ebb-0032-4c12-bab4-6bfa8f84fd6c
10000093,fl:be_ln:quantinet-1,
10000386,fl:ma_ln:hayashi-48,26bf7fa7-3704-4263-b7d8-33206935e460
10000510,fl:ji_ln:gu-70,5ed35e81-c079-4e8d-81c8-66eb133562c3
10000601,fl:la_ln:bouzidi-1,3ce3b54a-bdbd-4b73-ac55-cbabc845e9b4
10000447,fl:zh_ln:hou-71,aff59855-e1cd-4810-b136-18c3a1a847bd
10000389,fl:to_ln:walters-1,dbaeafee-078a-43e7-9af4-47a39bb94118
10000033,fl:am_ln:george-2,e52fc61a-feee-43ab-a512-472488bdd45b
10000450,fl:na_ln:amada-1,15dab51e-5b68-4017-be03-a990ed1b392a
10000402,fl:co_ln:li-13,cb3d31d3-669f-4e6c-a788-30886ebf205e
10000355,fl:ta_ln:saito-68,e738f13e-85d9-4790-a3a5-f56afc3b6fc1
10000145,fl:ma_ln:woods-13,
10000531,fl:sa_ln:sebti-1,1f71083f-02c9-493f-87a4-7055c100731f
10000748,fl:pa_ln:quadelyssy-1,bdc353b5-11b6-46a0-9bc8-b531f9ddcc96
10000170,fl:jo_ln:nilsson-12,3837e75e-6c83-4c40-b1a9-8f9791f60e8d
10000240,fl:sa_ln:katsuno-1,7fd570bb-8d88-4ad9-832b-532add7b7500
10000446,fl:pa_ln:gevaert-1,7b3a3311-a503-4c38-8523-4041dc0bbe29
10000810,fl:pe_ln:staehler-1,af531edf-ea9a-482d-8487-c9000a04e914
10000791,fl:sh_ln:sakasegawa-2,0e636125-e3dd-40d4-abf3-995b0d384c7b
10000374,fl:ch_ln:schelling-1,1c631b96-8301-4819-bd8c-2e69e2ef6c76
10000201,fl:se_ln:park-574,ea96c059-5267-4b52-ac70-4cd0915c519e
10000500,fl:jo_ln:walker-5,ea543a19-e0f2-49d2-a07a-31979f6350e0
10000554,fl:ry_ln:sato-3,486914ea-74ad-4f84-afad-74f5cdf28b4a
10000561,fl:ka_ln:gupta-28,0d463191-c5a9-497d-8037-4d6a85a6c5b2
10000686,fl:al_ln:ekin-1,5085d286-8417-45a6-82c8-68bdf751514d
10000197,fl:vi_ln:sujan-2,e7dc6a46-5a07-45ec-87b6-8a113ab02e99
10000589,fl:ol_ln:schuster-1,b11bc136-5690-4c51-873f-cb43246f3ab8
10000107,fl:ka_ln:wakano-1,3603bc38-d35d-413a-b99d-007cfa49831b
10000560,fl:at_ln:ueyama-1,3ca688ad-503b-4ac0-ad16-94db35c6253e
10000529,fl:ro_ln:hett-1,04aa84e6-11ce-4b28-aa13-d6ccb5f25e68
10000611,fl:ar_ln:roy-4,5122be92-08e4-4624-a04f-18a5ef263ba7
10000568,fl:ji_ln:yu-366,48cfd410-c389-42eb-adc8-8e9b429b7f1c
10000665,fl:di_ln:wagner-4,26bf7fa7-3704-4263-b7d8-33206935e460
10000339,fl:ga_ln:gandhi-3,ab16fe16-98b3-4d1c-9f4b-73980a1d118c
10000198,fl:ke_ln:hata-11,87bbd77e-54e0-4d95-9c1b-7843963c09eb
10000498,fl:la_ln:matherly-1,4534cf12-5295-41d5-9fec-f8b78a2a1087
10000126,fl:gu_ln:lei-10,8a03b7d9-0444-4dfc-9737-bf029c47a462
10000069,fl:st_ln:buckby-1,2f28e7d2-8060-422e-80ba-f1f2ccd96252
10000451,fl:ch_ln:chang-960,0ed7db0d-4cee-441e-aaa2-4452443ac0e4
10000437,fl:el_ln:band-1,b34f726f-c6f5-4e9c-b39b-3be08fd1e36a
10000418,fl:no_ln:freiberger-1,64d6ca58-c72c-472b-9e47-a55973dfe7ca
10000586,fl:th_ln:kohler-7,bd7178d1-7337-4396-8e76-b53871bb6083
10000536,fl:le_ln:gruner-1,9272127a-3c65-452a-8d24-41e21997235d
10000593,fl:ma_ln:holtcamp-1,8aab048f-9515-4287-8343-b7fd26758cf5
10000430,fl:ph_ln:leflaive-1,55054898-6f4b-4846-95d5-6435aece606f
10000555,fl:to_ln:kline-1,147a8be4-b9a1-4d03-8101-cafbc36d5422
10000576,fl:go_ln:ng-1,96b3a56a-e999-4c36-8416-3937d7a3c958
10000095,fl:na_ln:yukawa-1,7fa36de2-2f4b-4708-9b7e-cb2f05de7f85
10000758,fl:st_ln:vandien-1,64c7501b-59d8-4b14-893b-3c51d3000e6d
10000383,fl:hi_ln:deguchi-5,d5c16d3b-fe6d-438f-a46a-eed9d9a6b3b1
10000456,fl:br_ln:stearns-4,cfbe3073-5fb8-4a64-95d8-ced1a2e1188f
10000486,fl:de_ln:hruby-1,cefc56ec-e231-4f5e-b58d-9bef83c4bcfc
10000744,fl:iu_ln:gouvea-1,0337ccd2-8584-41d2-a789-a31f83a09a57
10000508,fl:yu_ln:sumino-1,b61e22a3-4786-4308-aa49-7cbde59501c9
10000043,fl:ch_ln:notteau-1,cf41762e-9d22-44d1-a528-0fd8a53c5dbc
10000389,fl:sa_ln:rocks-1,dbaeafee-078a-43e7-9af4-47a39bb94118
10000507,fl:da_ln:burns-9,72acc50f-79a9-4681-9edd-d2163febe47c
10000224,fl:la_ln:weiland-1,97fe15c7-7a44-42f5-a7c3-3779aed26e91
10000438,fl:mi_ln:krohn-4,9ec00d73-7763-49f2-bbc6-277a0288371b
10000313,fl:li_ln:sytnik-1,bfa3f832-81c5-41b3-9e04-cc80ac33ff87
10000373,fl:sh_ln:shue-6,88c962da-6df3-4f86-85ba-14c24c3cb600
10000531,fl:ji_ln:cai-16,1f71083f-02c9-493f-87a4-7055c100731f
10000302,fl:pa_ln:kawoczka-1,
10000052,fl:ma_ln:kanungo-1,4840cedc-7dcd-4aa9-9d62-ee877f7ef128
10000764,fl:no_ln:muramoto-1,87bbd77e-54e0-4d95-9c1b-7843963c09eb
10000509,fl:so_ln:yu-13,1ab4b01a-7ca9-400d-b983-7f62ba47ad01
10000036,fl:go_ln:sauti-1,ca3ac0a6-f44b-45c7-8816-bc2b1d409e84
10000442,fl:al_ln:mahdevari-1,3ce3b54a-bdbd-4b73-ac55-cbabc845e9b4
10000035,fl:ti_ln:chapman-2,362446db-3f2c-46f3-866e-5fa0c12a1319
10000457,fl:jo_ln:dominguezesquivel-1,95c17e69-7d40-4b70-a679-7aabf5072379
10000387,fl:st_ln:maurer-2,d6f138ea-5fbc-4de0-b58f-9080a787105f
10000488,fl:yo_ln:fukase-1,8ff0736b-4451-4b45-a26a-9edf0d6c7638
10000129,fl:br_ln:bolger-2,8a03b7d9-0444-4dfc-9737-bf029c47a462
10000132,fl:da_ln:roberts-7,8a03b7d9-0444-4dfc-9737-bf029c47a462
10000730,fl:ro_ln:taft-5,2d523d75-71da-4e61-bb37-8fe3a9129e23
10000294,fl:iv_ln:jojic-1,d741637e-71a6-4101-a7db-0c2ba20a2958
10000206,fl:no_ln:kobayashi-52,87bbd77e-54e0-4d95-9c1b-7843963c09eb
10000429,fl:ra_ln:maghas-1,d5f2b1cd-9974-4de9-b76a-b5bf8b46c5e6
10000430,fl:al_ln:rodrigues-3,55054898-6f4b-4846-95d5-6435aece606f
10000518,fl:ni_ln:osborn-1,28f7bd36-5469-43fe-b4e1-539d97102a02
10000187,fl:yo_ln:hamada-15,fdf798cb-8fb8-419f-b141-e7fde1150ac1
10000054,fl:ch_ln:ziegenbalg-1,d2d37e3d-a1f6-4c1f-bcf3-194e88d29eaf
10000024,fl:su_ln:jang-110,8c40b2c4-17fd-462d-970e-4b8004ed1372
10000169,fl:ke_ln:choi-9,ea96c059-5267-4b52-ac70-4cd0915c519e
10000024,fl:in_ln:cha-10,8c40b2c4-17fd-462d-970e-4b8004ed1372
10000107,fl:yo_ln:otake-15,3603bc38-d35d-413a-b99d-007cfa49831b
10000115,fl:pe_ln:ziemer-1,228e3d0e-4417-4f1a-95f4-7032ca4979cb
10000757,fl:lu_ln:naldini-1,650b8363-8f47-4234-9d69-b9fbdfb75736
10000626,fl:wi_ln:hunt-13,681bb272-dacd-4789-b8d1-1c43e9ed8fbf
10000703,fl:ch_ln:sorensen-5,2a4051c0-c1ef-4941-8d7b-8e685e02acb9
10000501,fl:jo_ln:mccoy-6,5ed35e81-c079-4e8d-81c8-66eb133562c3
10000091,fl:vi_ln:martin-7,
10000693,fl:ra_ln:hill-8,25e8e382-c770-4ac3-9390-bb48ae0cc84c
10000721,fl:da_ln:gary-2,898a3069-7836-4817-b078-0a270550711b
10000286,fl:co_ln:williams-21,7cac4f5f-80c1-4f7f-b74e-17aa91e4ad03
10000789,fl:zh_ln:yang-255,739b2596-cdf8-411e-a922-bd8781f55373
10000120,fl:ta_ln:inamori-4,1647337d-4cd1-4e91-9167-aea8ba78dee6
10000759,fl:st_ln:swinnen-1,bb7a562d-81d6-440b-be21-36aab9c0f5e4
10000804,fl:mi_ln:austin-9,c7c7681d-1d55-4cb0-8171-2bbe9f4b237c
10000463,fl:sh_ln:kono-1,b5ac98b7-7d2d-4a11-88f2-7dbae02fd5b9
10000140,fl:mi_ln:kang-35,ea96c059-5267-4b52-ac70-4cd0915c519e
10000520,fl:tr_ln:rhonemus-1,ce74c071-8b39-4153-83bb-1bd917309b45
10000765,fl:ts_ln:shimizu-1,94322301-cd60-49cb-85db-fd6c00b43412
10000269,fl:ni_ln:alpers-1,89a8ed8d-dcaa-46eb-93fd-e8b6fed97f68
10000610,fl:du_ln:romer-3,1b606c63-f004-4846-8e11-d819cee5029a
10000546,fl:ku_ln:odunsi-1,d644dd23-fb50-4779-9e83-304247bb3ebc
10000381,fl:wi_ln:doolittle-1,16e09015-6f15-48e8-833c-0147a774438a
10000375,fl:jo_ln:reinmuth-2,1c631b96-8301-4819-bd8c-2e69e2ef6c76
10000735,fl:sa_ln:lee-187,de395345-1ff2-45f5-8be1-90ef35ade92e
10000160,fl:je_ln:aftanas-1,2a0e2048-3b1c-414b-8f1e-82d7c22bf3cc
10000626,fl:ri_ln:pokorny-1,681bb272-dacd-4789-b8d1-1c43e9ed8fbf
10000470,fl:ji_ln:li-309,9c1ff8bc-4516-42cc-8c52-bd100f68f2ac
10000725,fl:vi_ln:man-1,6ca11cca-066f-4f69-990a-dafa1665ef9d
10000480,fl:ry_ln:moslin-1,2ebba3c5-ebc0-4f3b-b91b-262d86c832e1
10000367,fl:jo_ln:fembock-1,808e12ad-6f91-48f0-87e0-c3b595514af8
10000684,fl:li_ln:yang-26,503c6719-6f12-40b8-825b-d2a33b369db2
10000655,fl:jo_ln:kang-6,fd3b4ed9-fb12-4866-9885-282c43154b89
10000658,fl:ko_ln:leonhardt-1,7a24f2b0-df54-4331-8bf3-41ae6b783f77
10000806,fl:ti_ln:kaiser-1,330d568d-67ba-430a-9963-ce0c31ef37e2
10000283,fl:wi_ln:hinks-1,
10000785,fl:ye_ln:jung-46,dc2459c5-bc00-4dca-9652-5f42145f7295
10000718,fl:mi_ln:koenig-6,8210278c-33be-4cd6-b948-9e8c205381a4
10000510,fl:pr_ln:pathare-2,5ed35e81-c079-4e8d-81c8-66eb133562c3
10000428,fl:la_ln:green-19,4b7da54c-b5b5-4ca2-b65f-7942fdd905a5
10000746,fl:al_ln:astrakhan-1,6a4ebb68-a826-4d8a-9556-89bb79827c29
10000488,fl:mi_ln:kono-1,8ff0736b-4451-4b45-a26a-9edf0d6c7638
10000600,fl:ma_ln:gerst-1,d6f138ea-5fbc-4de0-b58f-9080a787105f
10000204,fl:su_ln:kim-882,ea96c059-5267-4b52-ac70-4cd0915c519e
10000398,fl:li_ln:zhou-23,3aee6da5-d0fc-4ad5-9310-091125eef3f1
10000449,fl:ka_ln:faernegardh-1,db8db963-cc59-44ec-b4b4-0b6fc768d731
10000694,fl:am_ln:parham-1,ea9b3e84-48ba-47ec-8903-1e151eab97c6
10000614,fl:te_ln:tammelin-2,e72c4784-e8dc-4eb7-8763-61c70aee532f
10000134,fl:we_ln:zhang-155,87a5b154-2721-40d4-ba53-0213a74e9b2d
10000723,fl:d._ln:young-5,1eb4a43d-8330-47b5-ae3e-322d9db88d80
10000573,fl:la_ln:adhikary-1,846ef848-d2a5-4f29-a152-0b79330db52a
10000199,fl:yu_ln:lian-4,761899f6-0ac9-4937-8574-812df5d3ab00
10000805,fl:ke_ln:travers-1,bcb5216e-a621-4c83-b12a-355d7ad3d3a8
10000584,fl:ma_ln:hoch-3,c7333c05-4c8c-4662-b547-6ff763f3957c
10000698,fl:st_ln:payne-8,aed52f28-fd48-44e3-beb6-177540d662d9
10000334,fl:yu_ln:aoki-15,877b4262-7552-45e3-adc3-c484b3095cf3
10000017,fl:ra_ln:windbichler-1,49857f13-eee6-439a-93a3-c8542d2f4f97
10000426,fl:me_ln:depardieu-1,cb611b09-7b38-4e94-bbe5-e2abf0385bd3
10000103,fl:da_ln:hrovat-1,8a03b7d9-0444-4dfc-9737-bf029c47a462
10000092,fl:ts_ln:fujioka-2,42aa3260-365e-4cd2-ac81-60d2dd8b39bf
10000473,fl:mi_ln:gaul-1,0c160b17-3bc0-4935-9b42-d7efae1f7a94
10000113,fl:ch_ln:schmeichel-1,d3c8a4a8-2c30-467e-ac35-41bdff21b4b8
10000355,fl:hi_ln:osada-11,e738f13e-85d9-4790-a3a5-f56afc3b6fc1
10000565,fl:sh_ln:foo-1,0d463191-c5a9-497d-8037-4d6a85a6c5b2
10000459,fl:hi_ln:luu-1,d78de1dd-210b-4044-b82f-0b9079527a17
10000327,fl:se_ln:sumitomo-1,15396827-1340-4368-866f-bf9007f43098
10000616,fl:hi_ln:torii-14,cce4e43c-b399-4555-9e34-908d78d906ef
10000562,fl:th_ln:scherer-1,b354988b-6671-409f-a03a-179009ca49d2
10000502,fl:ch_ln:rocaboy-1,0c160b17-3bc0-4935-9b42-d7efae1f7a94
10000287,fl:ro_ln:papke-4,79b7e1b7-26f6-4881-bffc-f8ab73102a2c
10000799,fl:mi_ln:despotovic-1,53f7ddde-2413-4266-9c14-7a0424206362
10000617,fl:re_ln:horng-1,6cccfcb4-1761-4afb-bd37-def24a3d1228
10000272,fl:ma_ln:apostolo-2,d79a06a7-fbdc-4bbe-b42b-acf5f1c90544
10000259,fl:ja_ln:edmunds-1,06feda91-b317-4433-b6ec-bc9852149c1b
10000730,fl:an_ln:zdeblick-1,2d523d75-71da-4e61-bb37-8fe3a9129e23
10000454,fl:ti_ln:blizzard-1,5ed35e81-c079-4e8d-81c8-66eb133562c3
10000147,fl:da_ln:desrochers-4,
10000186,fl:ro_ln:mccoy-3,8a03b7d9-0444-4dfc-9737-bf029c47a462
10000601,fl:pr_ln:pillai-12,3ce3b54a-bdbd-4b73-ac55-cbabc845e9b4
10000004,fl:jo_ln:valadezlopez-1,7b1383b0-7643-4186-9c9a-c4d9f9e8156f
10000019,fl:ru_ln:keller-9,d741637e-71a6-4101-a7db-0c2ba20a2958
10000721,fl:al_ln:schilowitz-1,898a3069-7836-4817-b078-0a270550711b
10000195,fl:mi_ln:tauchi-1,222264bc-5220-40eb-8a6e-a2d1088af14f
10000336,fl:pa_ln:poulin-2,eb3809fe-ff91-49b9-870b-07327f392dde
10000633,fl:ta_ln:oda-18,a559efa2-06e6-4dcd-8137-fc09a24dbb4e
10000759,fl:th_ln:martinspais-1,bb7a562d-81d6-440b-be21-36aab9c0f5e4
10000081,fl:yu_ln:iwasaki-12,4dbf79c6-cbb3-4fbb-a603-01e6cadac73f
10000780,fl:ma_ln:petit-12,55054898-6f4b-4846-95d5-6435aece606f
10000559,fl:th_ln:malia-1,05f6e24d-a0e1-4255-bb84-4c33da23ddda
10000619,fl:da_ln:ota-2,cce4e43c-b399-4555-9e34-908d78d906ef
10000028,fl:wi_ln:kopecky-3,681bb272-dacd-4789-b8d1-1c43e9ed8fbf
10000482,fl:an_ln:treml-1,c437739f-5caf-410e-98ee-a05aeade9249
10000216,fl:ph_ln:nemec-1,97ed5df6-7345-49c0-b1b8-42a1ec75baf1
10000348,fl:pi_ln:hannessen-1,b976c8af-ba58-4e9f-b4a5-3e1377e685b3
10000520,fl:ry_ln:dellinger-1,ce74c071-8b39-4153-83bb-1bd917309b45
10000097,fl:wa_ln:seung-1,8981c35c-06bf-45ac-944d-c5c9cad7a904
10000535,fl:ba_ln:romagnoli-1,4bfd9d83-10ab-4b46-b0b3-cb7f0ed81393
10000480,fl:jo_ln:tokarski-3,2ebba3c5-ebc0-4f3b-b91b-262d86c832e1
10000045,fl:hi_ln:suzuki-87,47b2aabd-0c46-41f8-a686-945e6fbb7d08
10000588,fl:am_ln:bolton-2,d4286989-7501-4e2c-9d01-bfab4107b3fc
10000769,fl:hu_ln:dong-34,df177dc9-2bab-4962-a377-7bc58538742c
10000580,fl:ja_ln:paullin-1,99a82a2a-c494-4f14-bec0-2bcb33b5c533
10000316,fl:an_ln:geiger-4,c8e7fb2c-9f2a-40fb-bc49-ee60e8c5b672
10000479,fl:yu_ln:ding-48,2177dec3-5ecf-445e-afaf-9250b3936aae
10000704,fl:an_ln:young-35,3aaf6030-c6b3-47f3-8c64-83eef1fb2812
10000782,fl:es_ln:hansen-2,569c1c30-d293-4e62-982e-7d90d55b7bda
10000703,fl:me_ln:wagner-4,2a4051c0-c1ef-4941-8d7b-8e685e02acb9
10000018,fl:ty_ln:cater-1,38cff6e0-fc52-4faf-9fa9-b72912600dee
10000269,fl:ad_ln:biery-1,89a8ed8d-dcaa-46eb-93fd-e8b6fed97f68
10000588,fl:ga_ln:stack-1,d4286989-7501-4e2c-9d01-bfab4107b3fc
10000466,fl:ja_ln:corte-1,2ebba3c5-ebc0-4f3b-b91b-262d86c832e1
10000510,fl:su_ln:garad-1,5ed35e81-c079-4e8d-81c8-66eb133562c3
10000522,fl:li_ln:zhi-2,f3efecc4-71b7-48d1-aeea-bd7537db2c7a
10000024,fl:sa_ln:han-114,8c40b2c4-17fd-462d-970e-4b8004ed1372
10000504,fl:ha_ln:vermeersch-1,7aebffc8-c7f6-4d0d-b661-a27983a7f654
10000277,fl:se_ln:tiwari-1,20ffa411-3945-4751-bcd9-8fcbaa20c810
10000115,fl:ju_ln:pawlakowitsch-1,228e3d0e-4417-4f1a-95f4-7032ca4979cb
10000460,fl:pa_ln:ribiere-1,cefc8d48-d0db-49b8-b8fc-0c8f3d704312
10000661,fl:ji_ln:tang-72,b52696d2-cb54-4ccf-9320-a04786fe252e
10000626,fl:ma_ln:roehrig-1,681bb272-dacd-4789-b8d1-1c43e9ed8fbf
10000356,fl:wi_ln:bigbee-1,d19f7315-26c5-4e86-b5e3-9be7bbfa1261
10000761,fl:li_ln:ren-18,29952cab-11e9-412f-bca5-735599328a40
10000460,fl:ma_ln:gibbings-1,cefc8d48-d0db-49b8-b8fc-0c8f3d704312
10000712,fl:zh_ln:hou-6,898a3069-7836-4817-b078-0a270550711b
10000073,fl:br_ln:eppley-3,7badc510-3cb4-45b6-acc4-6ac40a9bc036
10000685,fl:ch_ln:gordon-25,0ed3b5da-e166-4ce8-bb57-768914cc7e2e
10000011,fl:gr_ln:mark-2,b22caf70-0067-44a0-8f39-3fa0a0d85e82
10000575,fl:mi_ln:terme-2,86c2526f-d40c-40fc-950a-0c3c2b2fa7ab
10000411,fl:ka_ln:myli-1,95838abe-68dc-4b13-aada-c72b2ad13949
10000642,fl:jo_ln:wahl-2,a45783ae-9cec-49bc-bc2e-7b064aaa5907
10000104,fl:ka_ln:kazmirski-1,1f99e6e5-1de9-49ae-b056-ddd9612c0747
10000381,fl:mi_ln:moseley-2,16e09015-6f15-48e8-833c-0147a774438a
10000290,fl:pe_ln:lenkey-1,
10000067,fl:hi_ln:kobayashi-111,5b0b2179-927c-48dd-a8ee-211adb1d7e7a
10000613,fl:mi_ln:morris-23,d0fae399-ca75-40ad-8d3d-c2fadfae99f7
10000426,fl:da_ln:henry-25,cb611b09-7b38-4e94-bbe5-e2abf0385bd3
10000110,fl:ja_ln:jeong-7,79e4fd67-e4fe-4c76-b62d-9a360beeceb1
10000720,fl:di_ln:fries-2,d6f138ea-5fbc-4de0-b58f-9080a787105f
10000309,fl:ni_ln:veneziani-1,3bfeb832-4c94-42b8-90e0-bcfb56eb7bc4
10000060,fl:mo_ln:takabe-1,877b4262-7552-45e3-adc3-c484b3095cf3
10000567,fl:ro_ln:ellis-12,8fc2f2c2-3db9-40e7-a7b2-41b0c57c5207
10000607,fl:to_ln:kato-96,0b6359d0-1aaf-4f40-99f1-b8ebcccd5dd7
10000298,fl:st_ln:best-9,d741637e-71a6-4101-a7db-0c2ba20a2958
10000776,fl:ti_ln:gibson-2,6ba691cc-cff4-4e01-80fb-9dc325558522
10000399,fl:ma_ln:ettl-1,e95c4659-e889-45db-9621-e63e8eb53418
10000298,fl:er_ln:reid-1,d741637e-71a6-4101-a7db-0c2ba20a2958
10000698,fl:ma_ln:andreaco-1,aed52f28-fd48-44e3-beb6-177540d662d9
10000475,fl:da_ln:tadesse-1,cd53d80c-584e-47c9-a2a4-c1d62c2621aa
10000021,fl:is_ln:fuwa-1,6145eccf-2944-4bfc-8a82-e87bfce4d434
10000415,fl:to_ln:kurihara-30,391165c9-dd71-4a3b-a0a8-ead9a8ff2fdd
10000123,fl:sh_ln:minegishi-3,87bbd77e-54e0-4d95-9c1b-7843963c09eb
10000064,fl:to_ln:mizuta-10,877b4262-7552-45e3-adc3-c484b3095cf3
10000214,fl:vi_ln:sujan-2,e7dc6a46-5a07-45ec-87b6-8a113ab02e99
10000695,fl:je_ln:oh-80,533e0469-baac-46b7-9576-669db08092eb
10000698,fl:ma_ln:schmand-2,aed52f28-fd48-44e3-beb6-177540d662d9
10000780,fl:se_ln:fort-1,55054898-6f4b-4846-95d5-6435aece606f
10000305,fl:or_ln:muratoglu-1,6d57574a-aff9-4375-8781-79bd87aa1d06
10000751,fl:ya_ln:wang-39,b904f566-62d6-44a5-8689-7b5c5a3a1a19
10000539,fl:he_ln:hoerzer-1,c3a5cc28-8840-4deb-8a32-342a07fea443
10000139,fl:sa_ln:kim-515,ea96c059-5267-4b52-ac70-4cd0915c519e
10000189,fl:ja_ln:zimmerman-12,
10000754,fl:ch_ln:vargeese-1,72ea371c-6a23-496e-b1fc-cd9397a0cfe7
10000695,fl:ch_ln:min-18,533e0469-baac-46b7-9576-669db08092eb
10000337,fl:la_ln:lindbo-1,16f24e7b-4b22-4101-a205-9c1f259c4511
10000380,fl:sc_ln:barnicki-1,d4286989-7501-4e2c-9d01-bfab4107b3fc
10000674,fl:ca_ln:ek-3,3e12a65b-6581-4c1b-be54-ea9bbca3b551
10000079,fl:hi_ln:sanada-7,1548fb30-bae7-4aba-80da-e3dcf01b390b
10000622,fl:ta_ln:kashiwabara-3,135778b4-1533-474d-adb6-e1bd09ee42ee
10000160,fl:ge_ln:gomes-4,2a0e2048-3b1c-414b-8f1e-82d7c22bf3cc
10000449,fl:ru_ln:ringom-1,db8db963-cc59-44ec-b4b4-0b6fc768d731
10000553,fl:st_ln:drabic-1,8cc2701d-1308-41bb-89f3-d80d97cf4321
10000424,fl:sr_ln:iyer-8,cb611b09-7b38-4e94-bbe5-e2abf0385bd3
10000346,fl:pe_ln:berdellehilge-1,f68061b9-5827-43c8-8f62-33cae08b6d16
10000496,fl:yu_ln:zhang-16,6a83f076-7e5d-4134-a899-95970c847778
10000797,fl:al_ln:gansen-1,cec8a273-a770-4b2a-8b8f-e33f9f79d912
10000387,fl:an_ln:parvulescu-1,d6f138ea-5fbc-4de0-b58f-9080a787105f
10000204,fl:ye_ln:kim-84,ea96c059-5267-4b52-ac70-4cd0915c519e
10000160,fl:mi_ln:presley-1,2a0e2048-3b1c-414b-8f1e-82d7c22bf3cc
10000488,fl:at_ln:ochida-1,8ff0736b-4451-4b45-a26a-9edf0d6c7638
10000373,fl:ke_ln:goto-4,88c962da-6df3-4f86-85ba-14c24c3cb600
10000460,fl:si_ln:grant-1,cefc8d48-d0db-49b8-b8fc-0c8f3d704312
10000695,fl:jo_ln:park-279,533e0469-baac-46b7-9576-669db08092eb
10000763,fl:ha_ln:yamaguchi-13,7fa36de2-2f4b-4708-9b7e-cb2f05de7f85
10000668,fl:yo_ln:nakagawa-20,aff59855-e1cd-4810-b136-18c3a1a847bd
10000349,fl:yu_ln:tamura-34,15396827-1340-4368-866f-bf9007f43098
10000671,fl:li_ln:theunissen-1,abcbd384-f467-440e-9187-b2162660670b
10000679,fl:ha_ln:sue-1,2a5fd84a-89e0-4962-aa61-a5bcbaee0a82
10000399,fl:wo_ln:franke-2,e95c4659-e889-45db-9621-e63e8eb53418
10000136,fl:hy_ln:kang-190,ea96c059-5267-4b52-ac70-4cd0915c519e
10000019,fl:jo_ln:hafenrichter-2,d741637e-71a6-4101-a7db-0c2ba20a2958
10000559,fl:ma_ln:vandermeeren-1,05f6e24d-a0e1-4255-bb84-4c33da23ddda
10000421,fl:ta_ln:laoui-1,1d86631c-e613-463d-8b25-9c1255e49c45
10000704,fl:ge_ln:sargsyan-1,3aaf6030-c6b3-47f3-8c64-83eef1fb2812
10000318,fl:ma_ln:groben-3,7c01c518-472b-465d-9936-cac4714b2ef8
10000139,fl:ju_ln:kim-557,ea96c059-5267-4b52-ac70-4cd0915c519e
10000409,fl:ja_ln:frackenpohl-1,cb611b09-7b38-4e94-bbe5-e2abf0385bd3
10000616,fl:ta_ln:araki-18,cce4e43c-b399-4555-9e34-908d78d906ef
10000437,fl:wy_ln:winkenwerder-1,b34f726f-c6f5-4e9c-b39b-3be08fd1e36a
10000176,fl:fe_ln:haenel-1,8a03b7d9-0444-4dfc-9737-bf029c47a462
10000503,fl:ta_ln:hagihara-5,77b0e539-7552-487c-8171-df9127f7fa66
10000501,fl:jo_ln:debenham-2,5ed35e81-c079-4e8d-81c8-66eb133562c3
10000764,fl:to_ln:tanaka-16,87bbd77e-54e0-4d95-9c1b-7843963c09eb
10000535,fl:ch_ln:ludin-1,4bfd9d83-10ab-4b46-b0b3-cb7f0ed81393
10000524,fl:th_ln:koch-6,02a49f1d-19ae-4236-8782-2410edb8682c
10000732,fl:in_ln:chiu-4,69de46fa-f86d-453b-bdef-daf2fceed21f
10000701,fl:ta_ln:hatanaka-8,65201550-2431-487e-9211-a0ed5fe16631
10000794,fl:ca_ln:frayling-1,f71b5728-698a-4f20-8a7a-a2e7413ef123
10000684,fl:ha_ln:sun-37,503c6719-6f12-40b8-825b-d2a33b369db2
10000715,fl:pu_ln:kumar-9,2349fcc3-744a-4a87-8e00-9bb4802b6bde
10000407,fl:yo_ln:tian-18,5ae231ff-c153-4410-aaf4-2f3d9c87a2a6
10000690,fl:yu_ln:xie-64,0ed3b5da-e166-4ce8-bb57-768914cc7e2e
